crop,crop_year,season,state,area,production,annual_rainfall,fertilizer,pesticide,yield
Arecanut,2008,Kharif     ,Puducherry,61.0,79.0,1434.5875,8725.44,5.49,1.3
Bajra,2008,Kharif     ,Puducherry,34.0,58.0,1434.5875,4863.36,3.06,1.71
Bajra,2008,Summer     ,Puducherry,21.0,42.0,1434.5875,3003.84,1.89,2.0
Banana,2008,Kharif     ,Puducherry,285.0,10524.0,1434.5875,40766.4,25.65,26.55666667
Black pepper,2008,Kharif     ,Puducherry,12.0,8.0,1434.5875,1716.48,1.08,0.67
Cashewnut,2008,Kharif     ,Puducherry,174.0,173.0,1434.5875,24888.96,15.66,0.943333333
Coconut ,2008,Whole Year ,Puducherry,2084.0,30721000.0,1434.5875,298095.36,187.56,12012.7625
Coriander,2008,Rabi       ,Puducherry,2.0,1.0,1434.5875,286.08,0.18,0.5
Cotton(lint),2008,Summer     ,Puducherry,48.0,39.0,1434.5875,6865.92,4.32,0.81
Dry chillies,2008,Kharif     ,Puducherry,1.0,1.0,1434.5875,143.04,0.09,1.0
Dry chillies,2008,Rabi       ,Puducherry,1.0,1.0,1434.5875,143.04,0.09,1.0
Dry chillies,2008,Summer     ,Puducherry,1.0,1.0,1434.5875,143.04,0.09,1.0
Groundnut,2008,Kharif     ,Puducherry,87.0,170.0,1434.5875,12444.48,7.83,1.95
Groundnut,2008,Rabi       ,Puducherry,572.0,1276.0,1434.5875,81818.88,51.48,1.675
Groundnut,2008,Summer     ,Puducherry,55.0,119.0,1434.5875,7867.2,4.95,1.595
Jowar,2008,Kharif     ,Puducherry,2.0,3.0,1434.5875,286.08,0.18,1.5
Moong(Green Gram),2008,Rabi       ,Puducherry,5.0,3.0,1434.5875,715.2,0.45,0.6
Moong(Green Gram),2008,Summer     ,Puducherry,1220.0,233.0,1434.5875,174508.8,109.8,0.37
Other  Rabi pulses,2008,Rabi       ,Puducherry,11.0,10.0,1434.5875,1573.44,0.99,0.91
Other  Rabi pulses,2008,Summer     ,Puducherry,6.0,6.0,1434.5875,858.24,0.54,1.0
Other Kharif pulses,2008,Kharif     ,Puducherry,1.0,1.0,1434.5875,143.04,0.09,1.0
Ragi,2008,Kharif     ,Puducherry,21.0,52.0,1434.5875,3003.84,1.89,1.775
Ragi,2008,Rabi       ,Puducherry,4.0,9.0,1434.5875,572.16,0.36,2.25
Ragi,2008,Summer     ,Puducherry,14.0,42.0,1434.5875,2002.56,1.26,3.0
Rice,2008,Kharif     ,Puducherry,4493.0,12290.0,1434.5875,642678.72,404.37,3.0
Rice,2008,Rabi       ,Puducherry,11306.0,24163.0,1434.5875,1617210.24,1017.54,2.82
Rice,2008,Summer     ,Puducherry,4981.0,14263.0,1434.5875,712482.24,448.29,2.125
Sesamum,2008,Kharif     ,Puducherry,11.0,7.0,1434.5875,1573.44,0.99,0.64
Sesamum,2008,Rabi       ,Puducherry,25.0,20.0,1434.5875,3576.0,2.25,0.8
Sesamum,2008,Summer     ,Puducherry,144.0,153.0,1434.5875,20597.76,12.96,0.635
Small millets,2008,Kharif     ,Puducherry,1.0,1.0,1434.5875,143.04,0.09,1.0
Sugarcane,2008,Kharif     ,Puducherry,1945.0,162323.0,1434.5875,278212.8,175.05,79.25
Sunflower,2008,Kharif     ,Puducherry,3.0,2.0,1434.5875,429.12,0.27,0.67
Sweet potato,2008,Rabi       ,Puducherry,1.0,1.0,1434.5875,143.04,0.09,1.0
Tapioca,2008,Kharif     ,Puducherry,300.0,8880.0,1434.5875,42912.0,27.0,20.0
Tapioca,2008,Rabi       ,Puducherry,1.0,29.0,1434.5875,143.04,0.09,29.0
Turmeric,2008,Rabi       ,Puducherry,3.0,5.0,1434.5875,429.12,0.27,1.67
Urad,2008,Kharif     ,Puducherry,21.0,16.0,1434.5875,3003.84,1.89,0.76
Urad,2008,Rabi       ,Puducherry,124.0,79.0,1434.5875,17736.96,11.16,0.525
Urad,2008,Summer     ,Puducherry,1214.0,266.0,1434.5875,173650.56,109.26,0.53
Arecanut,2008,Whole Year ,Andhra Pradesh,359.0,265.0,944.6,51351.36,32.31,0.915
Arhar/Tur,2008,Kharif     ,Andhra Pradesh,439248.0,199414.0,944.6,62830033.92,39532.32,0.530909091
Arhar/Tur,2008,Rabi       ,Andhra Pradesh,3466.0,1942.0,944.6,495776.64,311.94,0.56
Bajra,2008,Kharif     ,Andhra Pradesh,49844.0,51316.0,944.6,7129685.76,4485.96,1.134375
Bajra,2008,Rabi       ,Andhra Pradesh,9274.0,8873.0,944.6,1326552.96,834.66,1.1875
Banana,2008,Whole Year ,Andhra Pradesh,54100.0,1368488.0,944.6,7738464.0,4869.0,26.21611111
Cashewnut,2008,Whole Year ,Andhra Pradesh,150135.0,45208.0,944.6,21475310.4,13512.15,0.319230769
Castor seed,2008,Kharif     ,Andhra Pradesh,158723.0,81365.0,944.6,22703737.92,14285.07,0.586666667
Coconut ,2008,Whole Year ,Andhra Pradesh,106616.0,970056617.0,944.6,15250352.64,9595.44,9132.568235
Coriander,2008,Whole Year ,Andhra Pradesh,33439.0,15616.0,944.6,4783114.56,3009.51,0.585625
Cotton(lint),2008,Kharif     ,Andhra Pradesh,1398900.0,3568251.0,944.6,200098656.0,125901.0,2.456363636
Dry chillies,2008,Kharif     ,Andhra Pradesh,160013.0,615466.0,944.6,22888259.52,14401.17,3.326818182
Dry chillies,2008,Rabi       ,Andhra Pradesh,43347.0,157971.0,944.6,6200354.88,3901.23,3.225
Ginger,2008,Whole Year ,Andhra Pradesh,2194.0,11684.0,944.6,313829.76,197.46,4.525555556
Gram,2008,Rabi       ,Andhra Pradesh,606426.0,857221.0,944.6,86743175.04,54578.34,1.627619048
Groundnut,2008,Kharif     ,Andhra Pradesh,1499640.0,449384.0,944.6,214508505.6,134967.6,1.040909091
Groundnut,2008,Rabi       ,Andhra Pradesh,266714.0,523880.0,944.6,38150770.56,24004.26,2.036818182
Horse-gram,2008,Kharif     ,Andhra Pradesh,4963.0,2423.0,944.6,709907.52,446.67,0.489
Horse-gram,2008,Rabi       ,Andhra Pradesh,34347.0,14062.0,944.6,4912994.88,3091.23,0.448095238
Jowar,2008,Kharif     ,Andhra Pradesh,118094.0,166667.0,944.6,16892165.76,10628.46,1.798421053
Jowar,2008,Rabi       ,Andhra Pradesh,160490.0,269115.0,944.6,22956489.6,14444.1,2.484444444
Linseed,2008,Rabi       ,Andhra Pradesh,927.0,347.0,944.6,132598.08,83.43,0.384
Maize,2008,Kharif     ,Andhra Pradesh,497803.0,1566921.0,944.6,71205741.12,44802.27,3.601818182
Maize,2008,Rabi       ,Andhra Pradesh,354157.0,2584881.0,944.6,50658617.28,31874.13,6.952727273
Mesta,2008,Kharif     ,Andhra Pradesh,37163.0,295481.0,944.6,5315795.52,3344.67,7.881666667
Moong(Green Gram),2008,Kharif     ,Andhra Pradesh,206857.0,91928.0,944.6,29588825.28,18617.13,0.436818182
Moong(Green Gram),2008,Rabi       ,Andhra Pradesh,112694.0,44272.0,944.6,16119749.76,10142.46,0.582631579
Niger seed,2008,Kharif     ,Andhra Pradesh,12494.0,5469.0,944.6,1787141.76,1124.46,0.4625
Onion,2008,Kharif     ,Andhra Pradesh,26723.0,439644.0,944.6,3822457.92,2405.07,15.30888889
Onion,2008,Rabi       ,Andhra Pradesh,13737.0,289004.0,944.6,1964940.48,1236.33,18.40631579
Other  Rabi pulses,2008,Rabi       ,Andhra Pradesh,2415.0,3701.0,944.6,345441.6,217.35,1.066666667
Other Kharif pulses,2008,Kharif     ,Andhra Pradesh,2634.0,1291.0,944.6,376767.36,237.06,0.5
Potato,2008,Whole Year ,Andhra Pradesh,5227.0,50118.0,944.6,747670.08,470.43,9.332
Ragi,2008,Kharif     ,Andhra Pradesh,44783.0,42929.0,944.6,6405760.32,4030.47,1.146153846
Ragi,2008,Rabi       ,Andhra Pradesh,5238.0,8949.0,944.6,749243.52,471.42,1.703636364
Rapeseed &Mustard,2008,Rabi       ,Andhra Pradesh,5885.0,3764.0,944.6,841790.4,529.65,0.646
Rice,2008,Kharif     ,Andhra Pradesh,2803076.0,8379635.0,944.6,400951991.0,252276.84,2.913636364
Rice,2008,Rabi       ,Andhra Pradesh,1584140.0,5861498.0,944.6,226595385.6,142572.6,3.236818182
Safflower,2008,Rabi       ,Andhra Pradesh,12780.0,6398.0,944.6,1828051.2,1150.2,0.5
Sesamum,2008,Kharif     ,Andhra Pradesh,46041.0,9634.0,944.6,6585704.64,4143.69,0.2495
Sesamum,2008,Rabi       ,Andhra Pradesh,34296.0,9168.0,944.6,4905699.84,3086.64,0.252105263
Small millets,2008,Kharif     ,Andhra Pradesh,30291.0,16315.0,944.6,4332824.64,2726.19,0.65
Small millets,2008,Rabi       ,Andhra Pradesh,232.0,177.0,944.6,33185.28,20.88,0.763333333
Soyabean,2008,Kharif     ,Andhra Pradesh,142128.0,193969.0,944.6,20329989.12,12791.52,1.362727273
Sugarcane,2008,Whole Year ,Andhra Pradesh,196126.0,15382999.0,944.6,28053863.04,17651.34,81.6452381
Sunflower,2008,Whole Year ,Andhra Pradesh,418539.0,326182.0,944.6,59867818.56,37668.51,1.032727273
Sweet potato,2008,Whole Year ,Andhra Pradesh,903.0,9863.0,944.6,129165.12,81.27,8.952142857
Tapioca,2008,Whole Year ,Andhra Pradesh,16765.0,208052.0,944.6,2398065.6,1508.85,9.871428571
Tobacco,2008,Whole Year ,Andhra Pradesh,232741.0,717012.0,944.6,33291272.64,20946.69,4.74097561
Urad,2008,Kharif     ,Andhra Pradesh,69015.0,40474.0,944.6,9871905.6,6211.35,0.460526316
Urad,2008,Rabi       ,Andhra Pradesh,269360.0,180440.0,944.6,38529254.4,24242.4,0.62
Wheat,2008,Rabi       ,Andhra Pradesh,13687.0,15421.0,944.6,1957788.48,1231.83,1.026666667
Arecanut,2008,Whole Year ,Assam,66072.0,63895.0,2109.9,9450938.88,5946.48,0.989259259
Arhar/Tur,2008,Kharif     ,Assam,5368.0,3811.0,2109.9,767838.72,483.12,0.706296296
Banana,2008,Whole Year ,Assam,45580.0,629050.0,2109.9,6519763.2,4102.2,13.89074074
Black pepper,2008,Whole Year ,Assam,3393.0,5144.0,2109.9,485334.72,305.37,1.680384615
Castor seed,2008,Kharif     ,Assam,1225.0,517.0,2109.9,175224.0,110.25,0.433333333
Coconut ,2008,Whole Year ,Assam,19135.0,180161000.0,2109.9,2737070.4,1722.15,7716.895185
Cotton(lint),2008,Kharif     ,Assam,1340.0,631.0,2109.9,191673.6,120.6,0.5688
Dry chillies,2008,Whole Year ,Assam,17010.0,10862.0,2109.9,2433110.4,1530.9,0.62962963
Ginger,2008,Whole Year ,Assam,15210.0,103915.0,2109.9,2175638.4,1368.9,6.942592593
Gram,2008,Rabi       ,Assam,1719.0,887.0,2109.9,245885.76,154.71,0.509259259
Jute,2008,Kharif     ,Assam,60111.0,647455.0,2109.9,8598277.44,5409.99,10.38925926
Linseed,2008,Rabi       ,Assam,7384.0,3795.0,2109.9,1056207.36,664.56,0.47125
Maize,2008,Kharif     ,Assam,17382.0,12619.0,2109.9,2486321.28,1564.38,0.595555556
Masoor,2008,Rabi       ,Assam,21726.0,11084.0,2109.9,3107687.04,1955.34,0.5236
Mesta,2008,Kharif     ,Assam,5285.0,26807.0,2109.9,755966.4,475.65,4.663913043
Moong(Green Gram),2008,Rabi       ,Assam,5634.0,2586.0,2109.9,805887.36,507.06,0.43962963
Niger seed,2008,Kharif     ,Assam,7493.0,3821.0,2109.9,1071798.72,674.37,0.509565217
Onion,2008,Whole Year ,Assam,6963.0,16816.0,2109.9,995987.52,626.67,2.381481481
Peas & beans (Pulses),2008,Rabi       ,Assam,20943.0,12964.0,2109.9,2995686.72,1884.87,0.632222222
Potato,2008,Whole Year ,Assam,78317.0,515740.0,2109.9,11202463.68,7048.53,6.5
Rapeseed &Mustard,2008,Rabi       ,Assam,226385.0,124688.0,2109.9,32382110.4,20374.65,0.521111111
Rice,2008,Autumn     ,Assam,350649.0,374010.0,2109.9,50156832.96,31558.41,1.117777778
Rice,2008,Summer     ,Assam,360266.0,768582.0,2109.9,51532448.64,32423.94,1.951153846
Rice,2008,Winter     ,Assam,1773211.0,2865843.0,2109.9,253640101.4,159588.99,1.607407407
Sesamum,2008,Kharif     ,Assam,12197.0,6867.0,2109.9,1744658.88,1097.73,0.499259259
Small millets,2008,Kharif     ,Assam,5440.0,2780.0,2109.9,778137.6,489.6,0.494230769
Sugarcane,2008,Whole Year ,Assam,28649.0,1099749.0,2109.9,4097952.96,2578.41,37.27
Sweet potato,2008,Whole Year ,Assam,6338.0,22341.0,2109.9,906587.52,570.42,3.421481481
Tapioca,2008,Whole Year ,Assam,3045.0,14397.0,2109.9,435556.8,274.05,4.509615385
Tobacco,2008,Whole Year ,Assam,493.0,266.0,2109.9,70518.72,44.37,0.649166667
Turmeric,2008,Whole Year ,Assam,14459.0,10497.0,2109.9,2068215.36,1301.31,0.792962963
Urad,2008,Rabi       ,Assam,39723.0,23058.0,2109.9,5681977.92,3575.07,0.600740741
Wheat,2008,Rabi       ,Assam,50053.0,54551.0,2109.9,7159581.12,4504.77,1.045769231
Arecanut,2008,Whole Year ,Karnataka,184515.0,1174591.0,1164.1,26393025.6,16606.35,6.214285714
Arhar/Tur,2008,Kharif     ,Karnataka,596622.0,313730.0,1164.1,85340810.88,53695.98,0.546153846
Bajra,2008,Kharif     ,Karnataka,264170.0,179509.0,1164.1,37786876.8,23775.3,0.633333333
Bajra,2008,Rabi       ,Karnataka,354.0,331.0,1164.1,50636.16,31.86,0.94
Bajra,2008,Summer     ,Karnataka,1084.0,1249.0,1164.1,155055.36,97.56,0.955
Banana,2008,Whole Year ,Karnataka,61001.0,1059346.0,1164.1,8725583.04,5490.09,20.47448276
Black pepper,2008,Whole Year ,Karnataka,17451.0,73956.0,1164.1,2496191.04,1570.59,4.133571429
Cardamom,2008,Whole Year ,Karnataka,19838.0,1992.0,1164.1,2837627.52,1785.42,0.067777778
Cashewnut,2008,Whole Year ,Karnataka,62303.0,38311.0,1164.1,8911821.12,5607.27,0.605
Castor seed,2008,Kharif     ,Karnataka,19635.0,18618.0,1164.1,2808590.4,1767.15,0.96826087
Coconut ,2008,Whole Year ,Karnataka,418581.0,2867660000.0,1164.1,59873826.24,37672.29,6801.366552
Coriander,2008,Whole Year ,Karnataka,7415.0,4002.0,1164.1,1060641.6,667.35,0.549545455
Cotton(lint),2008,Whole Year ,Karnataka,409024.0,825071.0,1164.1,58506792.96,36812.16,1.9425
Dry chillies,2008,Kharif     ,Karnataka,109185.0,101341.0,1164.1,15617822.4,9826.65,1.025714286
Dry chillies,2008,Rabi       ,Karnataka,5903.0,10002.0,1164.1,844365.12,531.27,1.681111111
Dry chillies,2008,Summer     ,Karnataka,7225.0,23701.0,1164.1,1033464.0,650.25,3.233076923
Garlic,2008,Whole Year ,Karnataka,5625.0,12378.0,1164.1,804600.0,506.25,2.644285714
Ginger,2008,Whole Year ,Karnataka,25475.0,811631.0,1164.1,3643944.0,2292.75,31.86789474
Gram,2008,Rabi       ,Karnataka,726189.0,396958.0,1164.1,103874074.6,65357.01,0.527391304
Groundnut,2008,Kharif     ,Karnataka,694390.0,276049.0,1164.1,99325545.6,62495.1,0.56962963
Groundnut,2008,Rabi       ,Karnataka,155886.0,121999.0,1164.1,22297933.44,14029.74,0.898928571
Horse-gram,2008,Kharif     ,Karnataka,94450.0,42718.0,1164.1,13510128.0,8500.5,0.4976
Horse-gram,2008,Rabi       ,Karnataka,122164.0,45265.0,1164.1,17474338.56,10994.76,0.416428571
Jowar,2008,Kharif     ,Karnataka,242445.0,317400.0,1164.1,34679332.8,21820.05,1.2655
Jowar,2008,Rabi       ,Karnataka,1134555.0,1155110.0,1164.1,162286747.2,102109.95,0.9535
Jowar,2008,Summer     ,Karnataka,4882.0,11110.0,1164.1,698321.28,439.38,2.2125
Linseed,2008,Rabi       ,Karnataka,13549.0,5112.0,1164.1,1938048.96,1219.41,0.4
Maize,2008,Kharif     ,Karnataka,932901.0,2549564.0,1164.1,133442159.0,83961.09,2.895555556
Maize,2008,Rabi       ,Karnataka,107533.0,319095.0,1164.1,15381520.32,9677.97,2.845
Maize,2008,Summer     ,Karnataka,27868.0,87643.0,1164.1,3986238.72,2508.12,3.073928571
Mesta,2008,Whole Year ,Karnataka,1146.0,1617.0,1164.1,163923.84,103.14,1.636
Moong(Green Gram),2008,Kharif     ,Karnataka,266386.0,36587.0,1164.1,38103853.44,23974.74,0.141304348
Moong(Green Gram),2008,Rabi       ,Karnataka,8293.0,2120.0,1164.1,1186230.72,746.37,0.267857143
Niger seed,2008,Kharif     ,Karnataka,25337.0,8678.0,1164.1,3624204.48,2280.33,0.3416
Onion,2008,Kharif     ,Karnataka,117822.0,611170.0,1164.1,16853258.88,10603.98,5.7176
Onion,2008,Rabi       ,Karnataka,13415.0,89581.0,1164.1,1918881.6,1207.35,6.771363636
Onion,2008,Summer     ,Karnataka,3775.0,20587.0,1164.1,539976.0,339.75,5.57952381
Other  Rabi pulses,2008,Rabi       ,Karnataka,30396.0,8896.0,1164.1,4347843.84,2735.64,0.290714286
Other Kharif pulses,2008,Kharif     ,Karnataka,132310.0,101329.0,1164.1,18925622.4,11907.9,0.77
Potato,2008,Kharif     ,Karnataka,67728.0,128436.0,1164.1,9687813.12,6095.52,2.449411765
Potato,2008,Rabi       ,Karnataka,6060.0,87080.0,1164.1,866822.4,545.4,15.515
Potato,2008,Summer     ,Karnataka,1907.0,30684.0,1164.1,272777.28,171.63,15.96333333
Ragi,2008,Kharif     ,Karnataka,797944.0,1167342.0,1164.1,114137909.8,71814.96,1.284285714
Ragi,2008,Rabi       ,Karnataka,34210.0,47819.0,1164.1,4893398.4,3078.9,1.6925
Ragi,2008,Summer     ,Karnataka,8970.0,17809.0,1164.1,1283068.8,807.3,1.926
Rapeseed &Mustard,2008,Rabi       ,Karnataka,4573.0,1836.0,1164.1,654121.92,411.57,0.3875
Rice,2008,Kharif     ,Karnataka,1129883.0,2906761.0,1164.1,161618464.3,101689.47,2.513448276
Rice,2008,Rabi       ,Karnataka,40982.0,89072.0,1164.1,5862065.28,3688.38,2.514166667
Rice,2008,Summer     ,Karnataka,343122.0,1035706.0,1164.1,49080170.88,30880.98,2.786923077
Safflower,2008,Rabi       ,Karnataka,73376.0,59954.0,1164.1,10495703.04,6603.84,0.772857143
Sannhamp,2008,Whole Year ,Karnataka,266.0,66.0,1164.1,38048.64,23.94,0.243333333
Sesamum,2008,Kharif     ,Karnataka,56234.0,28745.0,1164.1,8043711.36,5061.06,0.50962963
Soyabean,2008,Kharif     ,Karnataka,134183.0,92556.0,1164.1,19193536.32,12076.47,0.746363636
Sugarcane,2008,Whole Year ,Karnataka,281100.0,24266201.0,1164.1,40208544.0,25299.0,85.54
Sunflower,2008,Kharif     ,Karnataka,441753.0,196320.0,1164.1,63188349.12,39757.77,0.4992
Sunflower,2008,Rabi       ,Karnataka,517061.0,184013.0,1164.1,73960405.44,46535.49,0.567727273
Sunflower,2008,Summer     ,Karnataka,42201.0,33674.0,1164.1,6036431.04,3798.09,0.857619048
Sweet potato,2008,Whole Year ,Karnataka,2592.0,26230.0,1164.1,370759.68,233.28,10.14066667
Tapioca,2008,Whole Year ,Karnataka,872.0,8464.0,1164.1,124730.88,78.48,9.78875
Tobacco,2008,Whole Year ,Karnataka,108139.0,54936.0,1164.1,15468202.56,9732.51,0.584375
Turmeric,2008,Whole Year ,Karnataka,14159.0,67404.0,1164.1,2025303.36,1274.31,4.191052632
Urad,2008,Kharif     ,Karnataka,101121.0,27017.0,1164.1,14464347.84,9100.89,0.274782609
Urad,2008,Rabi       ,Karnataka,10540.0,4588.0,1164.1,1507641.6,948.6,0.43
Wheat,2008,Rabi       ,Karnataka,268600.0,257181.0,1164.1,38420544.0,24174.0,1.012857143
Arecanut,2008,Whole Year ,Kerala,97492.0,125654.0,2524.8,13945255.68,8774.28,1.047142857
Banana,2008,Whole Year ,Kerala,54739.0,435979.0,2524.8,7829866.56,4926.51,7.93
Black pepper,2008,Whole Year ,Kerala,153711.0,33991.0,2524.8,21986821.44,13833.99,0.182857143
Cardamom,2008,Whole Year ,Kerala,41588.0,8550.0,2524.8,5948747.52,3742.92,0.061111111
Cashewnut,2008,Whole Year ,Kerala,53007.0,42334.0,2524.8,7582121.28,4770.63,0.518571429
Coconut ,2008,Whole Year ,Kerala,787769.0,5802000000.0,2524.8,112682477.8,70899.21,6765.202857
Cotton(lint),2008,Kharif     ,Kerala,1152.0,1498.0,2524.8,164782.08,103.68,1.3
Garlic,2008,Whole Year ,Kerala,320.0,5440.0,2524.8,45772.8,28.8,17.0
Ginger,2008,Whole Year ,Kerala,7421.0,30809.0,2524.8,1061499.84,667.89,3.17
Groundnut,2008,Kharif     ,Kerala,1733.0,1282.0,2524.8,247888.32,155.97,0.74
Jowar,2008,Kharif     ,Kerala,2306.0,1177.0,2524.8,329850.24,207.54,0.6525
Other Cereals,2008,Kharif     ,Kerala,371.0,290.0,2524.8,53067.84,33.39,0.91
Ragi,2008,Kharif     ,Kerala,608.0,492.0,2524.8,86968.32,54.72,0.856
Rice,2008,Autumn     ,Kerala,79381.0,192770.0,2524.8,11354658.24,7144.29,2.295384615
Rice,2008,Summer     ,Kerala,49762.0,148370.0,2524.8,7117956.48,4478.58,2.446428571
Rice,2008,Winter     ,Kerala,105122.0,249101.0,2524.8,15036650.88,9460.98,2.260714286
Sesamum,2008,Kharif     ,Kerala,576.0,308.0,2524.8,82391.04,51.84,0.465714286
Sugarcane,2008,Whole Year ,Kerala,3392.0,275480.0,2524.8,485191.68,305.28,73.525
Sweet potato,2008,Whole Year ,Kerala,386.0,4827.0,2524.8,55213.44,34.74,11.5
Tapioca,2008,Whole Year ,Kerala,87241.0,2712114.0,2524.8,12478952.64,7851.69,31.64142857
Tobacco,2008,Whole Year ,Kerala,39.0,63.0,2524.8,5578.56,3.51,1.62
Turmeric,2008,Whole Year ,Kerala,2782.0,6364.0,2524.8,397937.28,250.38,2.169285714
Arecanut,2008,Whole Year ,Meghalaya,12632.0,17400.0,3114.3,1806881.28,1136.88,1.244285714
Arhar/Tur,2008,Kharif     ,Meghalaya,794.0,627.0,3114.3,113573.76,71.46,0.796666667
Banana,2008,Whole Year ,Meghalaya,6522.0,74314.0,3114.3,932906.88,586.98,10.37428571
Black pepper,2008,Rabi       ,Meghalaya,884.0,462.0,3114.3,126447.36,79.56,0.514285714
Castor seed,2008,Kharif     ,Meghalaya,29.0,17.0,3114.3,4148.16,2.61,0.686666667
Cotton(lint),2008,Kharif     ,Meghalaya,7106.0,5617.0,3114.3,1016442.24,639.54,0.823333333
Dry chillies,2008,Whole Year ,Meghalaya,1875.0,1423.0,3114.3,268200.0,168.75,0.97
Ginger,2008,Kharif     ,Meghalaya,9283.0,50286.0,3114.3,1327840.32,835.47,6.414285714
Gram,2008,Rabi       ,Meghalaya,530.0,330.0,3114.3,75811.2,47.7,0.616666667
Jute,2008,Kharif     ,Meghalaya,3951.0,34588.0,3114.3,565151.04,355.59,6.31
Linseed,2008,Rabi       ,Meghalaya,90.0,43.0,3114.3,12873.6,8.1,0.48
Maize,2008,Kharif     ,Meghalaya,17117.0,25716.0,3114.3,2448415.68,1540.53,1.545714286
Mesta,2008,Kharif     ,Meghalaya,4176.0,19046.0,3114.3,597335.04,375.84,4.563333333
Other  Rabi pulses,2008,Rabi       ,Meghalaya,2215.0,2276.0,3114.3,316833.6,199.35,1.028571429
Potato,2008,Whole Year ,Meghalaya,17690.0,161138.0,3114.3,2530377.6,1592.1,7.417142857
Rapeseed &Mustard,2008,Rabi       ,Meghalaya,7197.0,4906.0,3114.3,1029458.88,647.73,0.651428571
Rice,2008,Autumn     ,Meghalaya,32570.0,41908.0,3114.3,4658812.8,2931.3,1.53
Rice,2008,Summer     ,Meghalaya,12752.0,46600.0,3114.3,1824046.08,1147.68,2.154285714
Rice,2008,Winter     ,Meghalaya,62723.0,115354.0,3114.3,8971897.92,5645.07,1.802857143
Sesamum,2008,Kharif     ,Meghalaya,1623.0,891.0,3114.3,232153.92,146.07,0.658333333
Small millets,2008,Kharif     ,Meghalaya,2442.0,2051.0,3114.3,349303.68,219.78,1.011428571
Soyabean,2008,Kharif     ,Meghalaya,1055.0,1163.0,3114.3,150907.2,94.95,1.061428571
Sugarcane,2008,Whole Year ,Meghalaya,92.0,250.0,3114.3,13159.68,8.28,2.316
Sweet potato,2008,Whole Year ,Meghalaya,4895.0,15909.0,3114.3,700180.8,440.55,3.648571429
Tapioca,2008,Whole Year ,Meghalaya,4187.0,21773.0,3114.3,598908.48,376.83,6.267142857
Tobacco,2008,Whole Year ,Meghalaya,664.0,436.0,3114.3,94978.56,59.76,0.7275
Turmeric,2008,Whole Year ,Meghalaya,1959.0,10046.0,3114.3,280215.36,176.31,4.862857143
Wheat,2008,Rabi       ,Meghalaya,416.0,739.0,3114.3,59504.64,37.44,1.245
Arecanut,2008,Whole Year ,Tamil Nadu,5612.0,11061.0,1201.9,802740.48,505.08,1.708333333
Arhar/Tur,2008,Whole Year ,Tamil Nadu,27483.0,16703.0,1201.9,3931168.32,2473.47,0.606923077
Bajra,2008,Whole Year ,Tamil Nadu,56672.0,84021.0,1201.9,8106362.88,5100.48,2.5968
Banana,2008,Whole Year ,Tamil Nadu,115804.0,5148134.0,1201.9,16564604.16,10422.36,44.54483871
Black pepper,2008,Whole Year ,Tamil Nadu,3122.0,716.0,1201.9,446570.88,280.98,0.155
Cardamom,2008,Whole Year ,Tamil Nadu,4051.0,370.0,1201.9,579455.04,364.59,0.094
Cashewnut,2008,Whole Year ,Tamil Nadu,99168.0,51667.0,1201.9,14184990.72,8925.12,338.5489655
Castor seed,2008,Whole Year ,Tamil Nadu,5523.0,1702.0,1201.9,790009.92,497.07,0.322222222
Coconut ,2008,Whole Year ,Tamil Nadu,389429.0,5362000000.0,1201.9,55703924.16,35048.61,13834.07258
Coriander,2008,Whole Year ,Tamil Nadu,14139.0,4815.0,1201.9,2022442.56,1272.51,0.357826087
Cotton(lint),2008,Whole Year ,Tamil Nadu,114516.0,187673.0,1201.9,16380368.64,10306.44,1.797586207
Dry chillies,2008,Whole Year ,Tamil Nadu,65412.0,32924.0,1201.9,9356532.48,5887.08,0.651290323
Garlic,2008,Whole Year ,Tamil Nadu,351.0,2067.0,1201.9,50207.04,31.59,5.76
Ginger,2008,Whole Year ,Tamil Nadu,817.0,16340.0,1201.9,116863.68,73.53,20.0
Gram,2008,Whole Year ,Tamil Nadu,6852.0,4355.0,1201.9,980110.08,616.68,0.534761905
Groundnut,2008,Whole Year ,Tamil Nadu,489844.0,974768.0,1201.9,70067285.76,44085.96,2.373666667
Horse-gram,2008,Whole Year ,Tamil Nadu,44749.0,21052.0,1201.9,6400896.96,4027.41,0.459230769
Jowar,2008,Whole Year ,Tamil Nadu,258876.0,213436.0,1201.9,37029623.04,23298.84,1.152142857
Maize,2008,Whole Year ,Tamil Nadu,286639.0,1257882.0,1201.9,41000842.56,25797.51,5.226296296
Moong(Green Gram),2008,Whole Year ,Tamil Nadu,138598.0,31336.0,1201.9,19825057.92,12473.82,0.336333333
Onion,2008,Whole Year ,Tamil Nadu,30255.0,286040.0,1201.9,4327675.2,2722.95,10.1544
Potato,2008,Whole Year ,Tamil Nadu,4367.0,80538.0,1201.9,624655.68,393.03,19.39
Ragi,2008,Whole Year ,Tamil Nadu,90079.0,169944.0,1201.9,12884900.16,8107.11,2.228928571
Rapeseed &Mustard,2008,Whole Year ,Tamil Nadu,257.0,63.0,1201.9,36761.28,23.13,0.282222222
Rice,2008,Kharif     ,Tamil Nadu,1931603.0,5183385.0,1201.9,276296493.1,173844.27,3.562580645
Sesamum,2008,Whole Year ,Tamil Nadu,63693.0,32242.0,1201.9,9110646.72,5732.37,0.467777778
Small millets,2008,Kharif     ,Tamil Nadu,33512.0,25697.0,1201.9,4793556.48,3016.08,1.742
Sugarcane,2008,Whole Year ,Tamil Nadu,308800.0,32798888.0,1201.9,44170752.0,27792.0,111.4553333
Sunflower,2008,Whole Year ,Tamil Nadu,25755.0,34356.0,1201.9,3683995.2,2317.95,1.768571429
Sweet potato,2008,Whole Year ,Tamil Nadu,658.0,8743.0,1201.9,94120.32,59.22,13.52565217
Tapioca,2008,Whole Year ,Tamil Nadu,124301.0,4533359.0,1201.9,17780015.04,11187.09,35.91833333
Tobacco,2008,Whole Year ,Tamil Nadu,5379.0,8214.0,1201.9,769412.16,484.11,1.593333333
Turmeric,2008,Whole Year ,Tamil Nadu,29875.0,172334.0,1201.9,4273320.0,2688.75,5.326296296
Urad,2008,Whole Year ,Tamil Nadu,263671.0,82983.0,1201.9,37715499.84,23730.39,0.666666667
Arecanut,2008,Whole Year ,West Bengal,11394.0,21157.0,1560.1,1629797.76,1025.46,1.623888889
Arhar/Tur,2008,Rabi       ,West Bengal,629.0,530.0,1560.1,89972.16,56.61,0.813333333
Bajra,2008,Kharif     ,West Bengal,75.0,26.0,1560.1,10728.0,6.75,0.35
Barley,2008,Rabi       ,West Bengal,2768.0,4202.0,1560.1,395934.72,249.12,1.641666667
Cardamom,2008,Whole Year ,West Bengal,245.0,704.0,1560.1,35044.8,22.05,2.87
Castor seed,2008,Kharif     ,West Bengal,60.0,37.0,1560.1,8582.4,5.4,0.62
Coconut ,2008,Whole Year ,West Bengal,28757.0,357235500.0,1560.1,4113401.28,2588.13,12255.46667
Cotton(lint),2008,Kharif     ,West Bengal,2780.0,6023.0,1560.1,397651.2,250.2,2.32875
Dry chillies,2008,Whole Year ,West Bengal,63249.0,94787.0,1560.1,9047136.96,5692.41,1.427777778
Ginger,2008,Kharif     ,West Bengal,11131.0,23832.0,1560.1,1592178.24,1001.79,1.812222222
Gram,2008,Rabi       ,West Bengal,21692.0,22543.0,1560.1,3102823.68,1952.28,1.025833333
Groundnut,2008,Kharif     ,West Bengal,2413.0,2264.0,1560.1,345155.52,217.17,1.042
Groundnut,2008,Rabi       ,West Bengal,13860.0,23576.0,1560.1,1982534.4,1247.4,1.424166667
Groundnut,2008,Summer     ,West Bengal,51924.0,92382.0,1560.1,7427208.96,4673.16,1.550555556
Horse-gram,2008,Rabi       ,West Bengal,1897.0,940.0,1560.1,271346.88,170.73,0.489
Jowar,2008,Kharif     ,West Bengal,1126.0,469.0,1560.1,161063.04,101.34,0.4
Jute,2008,Kharif     ,West Bengal,584238.0,7872588.0,1560.1,83569403.52,52581.42,14.03470588
Khesari,2008,Rabi       ,West Bengal,27743.0,17412.0,1560.1,3968358.72,2496.87,0.619375
Linseed,2008,Rabi       ,West Bengal,4565.0,1130.0,1560.1,652977.6,410.85,0.218
Maize,2008,Autumn     ,West Bengal,36843.0,97825.0,1560.1,5270022.72,3315.87,2.369090909
Maize,2008,Rabi       ,West Bengal,17955.0,91856.0,1560.1,2568283.2,1615.95,3.217272727
Maize,2008,Summer     ,West Bengal,35976.0,153753.0,1560.1,5146007.04,3237.84,2.743529412
Masoor,2008,Rabi       ,West Bengal,49712.0,32428.0,1560.1,7110804.48,4474.08,0.617058824
Mesta,2008,Kharif     ,West Bengal,7908.0,92901.0,1560.1,1131160.32,711.72,8.777
Moong(Green Gram),2008,Kharif     ,West Bengal,1079.0,989.0,1560.1,154340.16,97.11,0.681428571
Moong(Green Gram),2008,Rabi       ,West Bengal,1570.0,1016.0,1560.1,224572.8,141.3,0.628181818
Moong(Green Gram),2008,Summer     ,West Bengal,12168.0,6091.0,1560.1,1740510.72,1095.12,0.75
Niger seed,2008,Kharif     ,West Bengal,5000.0,3297.0,1560.1,715200.0,450.0,0.548571429
Other  Rabi pulses,2008,Rabi       ,West Bengal,185.0,64.0,1560.1,26462.4,16.65,0.355
Other Kharif pulses,2008,Kharif     ,West Bengal,976.0,752.0,1560.1,139607.04,87.84,0.675
Peas & beans (Pulses),2008,Rabi       ,West Bengal,8815.0,6731.0,1560.1,1260897.6,793.35,0.695333333
Potato,2008,Whole Year ,West Bengal,385981.0,4121189.0,1560.1,55210722.24,34738.29,13.99944444
Ragi,2008,Autumn     ,West Bengal,11732.0,13874.0,1560.1,1678145.28,1055.88,0.8275
Ragi,2008,Rabi       ,West Bengal,972.0,802.0,1560.1,139034.88,87.48,0.83
Rapeseed &Mustard,2008,Rabi       ,West Bengal,412488.0,315330.0,1560.1,59002283.52,37123.92,0.677777778
Rice,2008,Autumn     ,West Bengal,292444.0,604968.0,1560.1,41831189.76,26319.96,2.04
Rice,2008,Summer     ,West Bengal,1556662.0,4358011.0,1560.1,222664932.5,140099.58,2.646666667
Rice,2008,Winter     ,West Bengal,4086590.0,10074261.0,1560.1,584545833.6,367793.1,2.393888889
Safflower,2008,Rabi       ,West Bengal,350.0,270.0,1560.1,50064.0,31.5,0.83
Sannhamp,2008,Kharif     ,West Bengal,968.0,5407.0,1560.1,138462.72,87.12,5.3875
Sesamum,2008,Autumn     ,West Bengal,1143.0,770.0,1560.1,163494.72,102.87,0.658333333
Sesamum,2008,Summer     ,West Bengal,200506.0,131812.0,1560.1,28680378.24,18045.54,0.773529412
Sesamum,2008,Winter     ,West Bengal,1245.0,746.0,1560.1,178084.8,112.05,0.541
Small millets,2008,Kharif     ,West Bengal,1068.0,735.0,1560.1,152766.72,96.12,0.755
Small millets,2008,Rabi       ,West Bengal,1500.0,1751.0,1560.1,214560.0,135.0,1.27
Soyabean,2008,Kharif     ,West Bengal,537.0,322.0,1560.1,76812.48,48.33,0.5775
Sugarcane,2008,Whole Year ,West Bengal,17557.0,1638267.0,1560.1,2511353.28,1580.13,98.52
Sunflower,2008,Kharif     ,West Bengal,10127.0,11007.0,1560.1,1448566.08,911.43,1.159375
Tobacco,2008,Whole Year ,West Bengal,12707.0,17999.0,1560.1,1817609.28,1143.63,0.676666667
Turmeric,2008,Whole Year ,West Bengal,15216.0,35372.0,1560.1,2176496.64,1369.44,2.138888889
Urad,2008,Kharif     ,West Bengal,50246.0,34769.0,1560.1,7187187.84,4522.14,0.629444444
Urad,2008,Rabi       ,West Bengal,6765.0,5143.0,1560.1,967665.6,608.85,0.7125
Wheat,2008,Rabi       ,West Bengal,306985.0,764528.0,1560.1,43911134.4,27628.65,2.172777778
Arhar/Tur,2008,Kharif     ,Bihar,28141.0,33149.0,1197.7,4025288.64,2532.69,1.255833333
Bajra,2008,Kharif     ,Bihar,2960.0,3547.0,1197.7,423398.4,266.4,1.12
Barley,2008,Rabi       ,Bihar,14529.0,15898.0,1197.7,2078228.16,1307.61,1.023333333
Castor seed,2008,Kharif     ,Bihar,185.0,177.0,1197.7,26462.4,16.65,0.99
Dry chillies,2008,Whole Year ,Bihar,2364.0,3238.0,1197.7,338146.56,212.76,1.227666667
Garlic,2008,Whole Year ,Bihar,2522.0,4014.0,1197.7,360746.88,226.98,1.587142857
Ginger,2008,Kharif     ,Bihar,780.0,1270.0,1197.7,111571.2,70.2,1.624615385
Gram,2008,Rabi       ,Bihar,61205.0,56619.0,1197.7,8754763.2,5508.45,0.962352941
Groundnut,2008,Kharif     ,Bihar,1734.0,857.0,1197.7,248031.36,156.06,0.495
Jowar,2008,Kharif     ,Bihar,2399.0,2543.0,1197.7,343152.96,215.91,1.063846154
Jute,2008,Kharif     ,Bihar,131949.0,1054798.0,1197.7,18873984.96,11875.41,8.455
Khesari,2008,Rabi       ,Bihar,97195.0,79791.0,1197.7,13902772.8,8747.55,0.844054054
Linseed,2008,Rabi       ,Bihar,25957.0,21959.0,1197.7,3712889.28,2336.13,0.844054054
Maize,2008,Autumn     ,Bihar,244993.0,373167.0,1197.7,35043798.72,22049.37,1.592631579
Maize,2008,Rabi       ,Bihar,206266.0,726382.0,1197.7,29504288.64,18563.94,3.186388889
Maize,2008,Summer     ,Bihar,189214.0,615797.0,1197.7,27065170.56,17029.26,3.203714286
Masoor,2008,Rabi       ,Bihar,163773.0,132948.0,1197.7,23426089.92,14739.57,0.757105263
Mesta,2008,Kharif     ,Bihar,19019.0,165359.0,1197.7,2720477.76,1711.71,8.0805
Moong(Green Gram),2008,Kharif     ,Bihar,8587.0,5609.0,1197.7,1228284.48,772.83,0.674411765
Moong(Green Gram),2008,Summer     ,Bihar,162664.0,108935.0,1197.7,23267458.56,14639.76,0.639428571
Onion,2008,Whole Year ,Bihar,14805.0,137545.0,1197.7,2117707.2,1332.45,8.775714286
Other  Rabi pulses,2008,Rabi       ,Bihar,4159.0,3082.0,1197.7,594903.36,374.31,0.755217391
Other Kharif pulses,2008,Kharif     ,Bihar,1161.0,672.0,1197.7,166069.44,104.49,0.604210526
Peas & beans (Pulses),2008,Rabi       ,Bihar,23768.0,22865.0,1197.7,3399774.72,2139.12,0.957567568
Potato,2008,Kharif     ,Bihar,60334.0,452453.0,1197.7,8630175.36,5430.06,7.518157895
Potato,2008,Rabi       ,Bihar,91591.0,488043.0,1197.7,13101176.64,8243.19,5.246486486
Ragi,2008,Kharif     ,Bihar,11435.0,9296.0,1197.7,1635662.4,1029.15,0.782307692
Rapeseed &Mustard,2008,Rabi       ,Bihar,85265.0,81831.0,1197.7,12196305.6,7673.85,0.99
Rice,2008,Autumn     ,Bihar,546872.0,727414.0,1197.7,78224570.88,49218.48,1.230344828
Rice,2008,Summer     ,Bihar,105526.0,178240.0,1197.7,15094439.04,9497.34,1.641
Rice,2008,Winter     ,Bihar,2842875.0,4684328.0,1197.7,406644840.0,255858.75,1.545789474
Safflower,2008,Rabi       ,Bihar,215.0,175.0,1197.7,30753.6,19.35,0.815
Sannhamp,2008,Kharif     ,Bihar,3358.0,14978.0,1197.7,480328.32,302.22,6.622608696
Sesamum,2008,Kharif     ,Bihar,2298.0,1844.0,1197.7,328705.92,206.82,0.824482759
Small millets,2008,Kharif     ,Bihar,7833.0,5898.0,1197.7,1120432.32,704.97,0.765769231
Sugarcane,2008,Whole Year ,Bihar,111902.0,4959918.0,1197.7,16006462.08,10071.18,38.28870968
Sunflower,2008,Rabi       ,Bihar,22052.0,30646.0,1197.7,3154318.08,1984.68,1.43037037
Sweet potato,2008,Kharif     ,Bihar,2437.0,33058.0,1197.7,348588.48,219.33,13.83166667
Sweet potato,2008,Rabi       ,Bihar,1324.0,19474.0,1197.7,189384.96,119.16,13.97842105
Turmeric,2008,Whole Year ,Bihar,2610.0,3027.0,1197.7,373334.4,234.9,1.153
Urad,2008,Kharif     ,Bihar,21445.0,17980.0,1197.7,3067492.8,1930.05,0.747352941
Wheat,2008,Rabi       ,Bihar,2158345.0,4413017.0,1197.7,308729668.8,194251.05,1.984473684
Arhar/Tur,2008,Kharif     ,Chhattisgarh,49185.0,28660.0,1117.9,7035422.4,4426.65,0.562777778
Bajra,2008,Kharif     ,Chhattisgarh,121.0,48.0,1117.9,17307.84,10.89,0.3775
Bajra,2008,Whole Year ,Chhattisgarh,308.0,10811.0,1117.9,44056.32,27.72,33.81733333
Barley,2008,Rabi       ,Chhattisgarh,3182.0,2861.0,1117.9,455153.28,286.38,0.958571429
Castor seed,2008,Kharif     ,Chhattisgarh,39.0,12.0,1117.9,5578.56,3.51,0.218333333
Coconut ,2008,Kharif     ,Chhattisgarh,77.0,0.0,1117.9,11014.08,6.93,0.0
Coriander,2008,Whole Year ,Chhattisgarh,3035.0,865.0,1117.9,434126.4,273.15,0.580588235
Cotton(lint),2008,Kharif     ,Chhattisgarh,25.0,32.0,1117.9,3576.0,2.25,1.25
Dry chillies,2008,Whole Year ,Chhattisgarh,6013.0,3190.0,1117.9,860099.52,541.17,0.508333333
Garlic,2008,Whole Year ,Chhattisgarh,941.0,2372.0,1117.9,134600.64,84.69,2.917692308
Ginger,2008,Whole Year ,Chhattisgarh,1857.0,2107.0,1117.9,265625.28,167.13,1.2475
Gram,2008,Rabi       ,Chhattisgarh,237463.0,190337.0,1117.9,33966707.52,21371.67,0.787777778
Groundnut,2008,Kharif     ,Chhattisgarh,30047.0,37747.0,1117.9,4297922.88,2704.23,1.334705882
Horse-gram,2008,Kharif     ,Chhattisgarh,49308.0,15504.0,1117.9,7053016.32,4437.72,0.288888889
Horse-gram,2008,Rabi       ,Chhattisgarh,2273.0,616.0,1117.9,325129.92,204.57,0.270909091
Jowar,2008,Kharif     ,Chhattisgarh,5361.0,6270.0,1117.9,766837.44,482.49,1.261111111
Khesari,2008,Rabi       ,Chhattisgarh,387565.0,211087.0,1117.9,55437297.6,34880.85,0.373125
Linseed,2008,Rabi       ,Chhattisgarh,47594.0,12997.0,1117.9,6807845.76,4283.46,0.2925
Maize,2008,Kharif     ,Chhattisgarh,99375.0,139844.0,1117.9,14214600.0,8943.75,1.263888889
Masoor,2008,Rabi       ,Chhattisgarh,15349.0,4997.0,1117.9,2195520.96,1381.41,0.32
Mesta,2008,Kharif     ,Chhattisgarh,1390.0,2720.0,1117.9,198825.6,125.1,2.020666667
Moong(Green Gram),2008,Kharif     ,Chhattisgarh,9230.0,2423.0,1117.9,1320259.2,830.7,0.252222222
Moong(Green Gram),2008,Rabi       ,Chhattisgarh,6972.0,1559.0,1117.9,997274.88,627.48,0.232142857
Niger seed,2008,Kharif     ,Chhattisgarh,70876.0,12697.0,1117.9,10138103.04,6378.84,0.176875
Onion,2008,Whole Year ,Chhattisgarh,4332.0,22242.0,1117.9,619649.28,389.88,5.273125
Other  Rabi pulses,2008,Rabi       ,Chhattisgarh,2563.0,431.0,1117.9,366611.52,230.67,0.225625
Other Kharif pulses,2008,Kharif     ,Chhattisgarh,6761.0,1743.0,1117.9,967093.44,608.49,0.233888889
Peas & beans (Pulses),2008,Rabi       ,Chhattisgarh,16892.0,6089.0,1117.9,2416231.68,1520.28,0.34125
Potato,2008,Kharif     ,Chhattisgarh,690.0,2668.0,1117.9,98697.6,62.1,1.342857143
Potato,2008,Rabi       ,Chhattisgarh,10093.0,42582.0,1117.9,1443702.72,908.37,4.63
Ragi,2008,Kharif     ,Chhattisgarh,9084.0,2550.0,1117.9,1299375.36,817.56,0.2725
Rapeseed &Mustard,2008,Rabi       ,Chhattisgarh,51992.0,19720.0,1117.9,7436935.68,4679.28,0.354444444
Rice,2008,Kharif     ,Chhattisgarh,3928815.0,4707499.0,1117.9,561977697.6,353593.35,1.198333333
Safflower,2008,Rabi       ,Chhattisgarh,745.0,191.0,1117.9,106564.8,67.05,0.29875
Sannhamp,2008,Whole Year ,Chhattisgarh,1434.0,482.0,1117.9,205119.36,129.06,0.301176471
Sesamum,2008,Kharif     ,Chhattisgarh,19972.0,6081.0,1117.9,2856794.88,1797.48,0.298333333
Small millets,2008,Kharif     ,Chhattisgarh,181785.0,34383.0,1117.9,26002526.4,16360.65,0.199444444
Soyabean,2008,Kharif     ,Chhattisgarh,81764.0,79859.0,1117.9,11695522.56,7358.76,1.242857143
Sugarcane,2008,Whole Year ,Chhattisgarh,9034.0,22230.0,1117.9,1292223.36,813.06,2.77875
Sunflower,2008,Kharif     ,Chhattisgarh,4550.0,1875.0,1117.9,650832.0,409.5,0.341176471
Sweet potato,2008,Whole Year ,Chhattisgarh,2683.0,14161.0,1117.9,383776.32,241.47,5.593888889
Tobacco,2008,Whole Year ,Chhattisgarh,27.0,14.0,1117.9,3862.08,2.43,0.506666667
Turmeric,2008,Whole Year ,Chhattisgarh,875.0,785.0,1117.9,125160.0,78.75,0.975625
Urad,2008,Kharif     ,Chhattisgarh,106086.0,31280.0,1117.9,15174541.44,9547.74,0.298888889
Urad,2008,Rabi       ,Chhattisgarh,4679.0,1146.0,1117.9,669284.16,421.11,0.236153846
Wheat,2008,Rabi       ,Chhattisgarh,94834.0,97424.0,1117.9,13565055.36,8535.06,1.15
Arhar/Tur,2008,Kharif     ,Gujarat,266100.0,262700.0,746.1,38062944.0,23949.0,0.97
Bajra,2008,Kharif     ,Gujarat,528700.0,535200.0,746.1,75625248.0,47583.0,1.25952381
Bajra,2008,Summer     ,Gujarat,174600.0,426100.0,746.1,24974784.0,15714.0,2.4865
Banana,2008,Whole Year ,Gujarat,28200.0,2002900.0,746.1,4033728.0,2538.0,72.95916667
Castor seed,2008,Kharif     ,Gujarat,433900.0,851700.0,746.1,62065056.0,39051.0,2.020434783
Cotton(lint),2008,Kharif     ,Gujarat,2353600.0,7013800.0,746.1,336658944.0,211824.0,3.120434783
Dry chillies,2008,Whole Year ,Gujarat,7400.0,6700.0,746.1,1058496.0,666.0,0.96
Garlic,2008,Whole Year ,Gujarat,33900.0,198800.0,746.1,4849056.0,3051.0,5.214
Gram,2008,Rabi       ,Gujarat,175400.0,176800.0,746.1,25089216.0,15786.0,1.006923077
Groundnut,2008,Kharif     ,Gujarat,1795400.0,2456000.0,746.1,256814016.0,161586.0,1.3696
Groundnut,2008,Summer     ,Gujarat,112000.0,204900.0,746.1,16020480.0,10080.0,1.8025
Guar seed,2008,Whole Year ,Gujarat,150400.0,52700.0,746.1,21513216.0,13536.0,0.506666667
Jowar,2008,Kharif     ,Gujarat,124200.0,165300.0,746.1,17765568.0,11178.0,1.2955
Jowar,2008,Rabi       ,Gujarat,50000.0,42900.0,746.1,7152000.0,4500.0,0.9475
Maize,2008,Kharif     ,Gujarat,418900.0,602600.0,746.1,59919456.0,37701.0,1.478333333
Moong(Green Gram),2008,Kharif     ,Gujarat,162000.0,70100.0,746.1,23172480.0,14580.0,0.454
Moth,2008,Kharif     ,Gujarat,47000.0,10900.0,746.1,6722880.0,4230.0,0.321875
Onion,2008,Rabi       ,Gujarat,54400.0,1502800.0,746.1,7781376.0,4896.0,26.605
Other  Rabi pulses,2008,Rabi       ,Gujarat,12000.0,8500.0,746.1,1716480.0,1080.0,0.740714286
Other Cereals,2008,Kharif     ,Gujarat,12600.0,7100.0,746.1,1802304.0,1134.0,0.64
Other Cereals,2008,Rabi       ,Gujarat,31900.0,41100.0,746.1,4562976.0,2871.0,1.185
Other Kharif pulses,2008,Kharif     ,Gujarat,26000.0,16200.0,746.1,3719040.0,2340.0,0.594285714
Potato,2008,Whole Year ,Gujarat,55800.0,1171400.0,746.1,7981632.0,5022.0,20.86636364
Ragi,2008,Kharif     ,Gujarat,19400.0,20000.0,746.1,2774976.0,1746.0,1.0925
Rapeseed &Mustard,2008,Rabi       ,Gujarat,293900.0,334300.0,746.1,42039456.0,26451.0,1.115
Rice,2008,Kharif     ,Gujarat,722100.0,1225500.0,746.1,103289184.0,64989.0,1.615294118
Rice,2008,Summer     ,Gujarat,25200.0,77400.0,746.1,3604608.0,2268.0,2.921111111
Sesamum,2008,Kharif     ,Gujarat,238500.0,84900.0,746.1,34115040.0,21465.0,0.342857143
Sugarcane,2008,Whole Year ,Gujarat,221300.0,15512000.0,746.1,31654752.0,19917.0,70.62176471
Tobacco,2008,Kharif     ,Gujarat,49200.0,70100.0,746.1,7037568.0,4428.0,1.37875
Urad,2008,Kharif     ,Gujarat,95500.0,64100.0,746.1,13660320.0,8595.0,0.6692
Wheat,2008,Rabi       ,Gujarat,1091400.0,2592600.0,746.1,156113856.0,98226.0,2.349615385
Arhar/Tur,2008,Kharif     ,Haryana,33431.0,35800.0,715.6,4781970.24,3008.79,0.73
Bajra,2008,Kharif     ,Haryana,612934.0,1087000.0,715.6,87674079.36,55164.06,1.94
Barley,2008,Rabi       ,Haryana,53028.0,185000.0,715.6,7585125.12,4772.52,2.301428571
Castor seed,2008,Kharif     ,Haryana,1823.0,2100.0,715.6,260761.92,164.07,0.8775
Coriander,2008,Whole Year ,Haryana,398.0,800.0,715.6,56929.92,35.82,0.28625
Cotton(lint),2008,Kharif     ,Haryana,456086.0,1862000.0,715.6,65238541.44,41047.74,1.7835
Dry chillies,2008,Whole Year ,Haryana,1613.0,14500.0,715.6,230723.52,145.17,7.445625
Garlic,2008,Whole Year ,Haryana,492.0,3100.0,715.6,70375.68,44.28,2.916666667
Gram,2008,Rabi       ,Haryana,123563.0,129000.0,715.6,17674451.52,11120.67,0.617
Groundnut,2008,Kharif     ,Haryana,1544.0,1400.0,715.6,220853.76,138.96,0.678333333
Horse-gram,2008,Kharif     ,Haryana,520.0,200.0,715.6,74380.8,46.8,0.2725
Jowar,2008,Kharif     ,Haryana,86595.0,44000.0,715.6,12386548.8,7793.55,0.497857143
Maize,2008,Kharif     ,Haryana,11769.0,25200.0,715.6,1683437.76,1059.21,1.152222222
Masoor,2008,Rabi       ,Haryana,4858.0,3600.0,715.6,694888.32,437.22,0.639285714
Moong(Green Gram),2008,Kharif     ,Haryana,14380.0,6500.0,715.6,2056915.2,1294.2,0.197777778
Moth,2008,Kharif     ,Haryana,3133.0,600.0,715.6,448144.32,281.97,0.154285714
Onion,2008,Whole Year ,Haryana,2492.0,37400.0,715.6,356455.68,224.28,178.6530769
Peas & beans (Pulses),2008,Rabi       ,Haryana,869.0,900.0,715.6,124301.76,78.21,0.553636364
Potato,2008,Whole Year ,Haryana,11938.0,258600.0,715.6,1707611.52,1074.42,19.08769231
Rapeseed &Mustard,2008,Rabi       ,Haryana,513982.0,894900.0,715.6,73519985.28,46258.38,1.947619048
Rice,2008,Kharif     ,Haryana,1211149.0,3299000.0,715.6,173242753.0,109003.41,2.569
Sannhamp,2008,Whole Year ,Haryana,238.0,100.0,715.6,34043.52,21.42,0.146363636
Sesamum,2008,Kharif     ,Haryana,3644.0,1300.0,715.6,521237.76,327.96,0.157
Sugarcane,2008,Whole Year ,Haryana,90941.0,5242000.0,715.6,13008200.64,8184.69,49.621
Sunflower,2008,Rabi       ,Haryana,6544.0,11800.0,715.6,936053.76,588.96,1.646666667
Sweet potato,2008,Whole Year ,Haryana,83.0,1500.0,715.6,11872.32,7.47,12.0625
Turmeric,2008,Whole Year ,Haryana,51.0,500.0,715.6,7295.04,4.59,5.2725
Urad,2008,Kharif     ,Haryana,2580.0,1000.0,715.6,369043.2,232.2,0.258181818
Wheat,2008,Rabi       ,Haryana,2461420.0,11360000.0,715.6,352081516.8,221527.8,4.437142857
Arhar/Tur,2008,Kharif     ,Himachal Pradesh,15.0,2.0,1357.1,2145.6,1.35,0.193333333
Bajra,2008,Kharif     ,Himachal Pradesh,203.0,113.0,1357.1,29037.12,18.27,0.622
Barley,2008,Rabi       ,Himachal Pradesh,22601.0,20447.0,1357.1,3232847.04,2034.09,0.923636364
Coriander,2008,Rabi       ,Himachal Pradesh,136.0,19.0,1357.1,19453.44,12.24,0.165714286
Cotton(lint),2008,Kharif     ,Himachal Pradesh,45.0,21.0,1357.1,6436.8,4.05,0.48
Dry chillies,2008,Kharif     ,Himachal Pradesh,640.0,199.0,1357.1,91545.6,57.6,0.266
Garlic,2008,Rabi       ,Himachal Pradesh,4036.0,1246.0,1357.1,577309.44,363.24,0.527777778
Gram,2008,Rabi       ,Himachal Pradesh,728.0,290.0,1357.1,104133.12,65.52,0.324444444
Groundnut,2008,Kharif     ,Himachal Pradesh,81.0,66.0,1357.1,11586.24,7.29,0.91
Horse-gram,2008,Kharif     ,Himachal Pradesh,2238.0,868.0,1357.1,320123.52,201.42,0.349
Linseed,2008,Rabi       ,Himachal Pradesh,695.0,148.0,1357.1,99412.8,62.55,0.165
Maize,2008,Kharif     ,Himachal Pradesh,297718.0,676644.0,1357.1,42585582.72,26794.62,2.304166667
Masoor,2008,Rabi       ,Himachal Pradesh,661.0,215.0,1357.1,94549.44,59.49,0.468888889
Moong(Green Gram),2008,Kharif     ,Himachal Pradesh,109.0,45.0,1357.1,15591.36,9.81,0.32
Moth,2008,Kharif     ,Himachal Pradesh,23.0,7.0,1357.1,3289.92,2.07,0.206666667
Onion,2008,Rabi       ,Himachal Pradesh,776.0,4611.0,1357.1,110999.04,69.84,5.795
Other Kharif pulses,2008,Kharif     ,Himachal Pradesh,2152.0,689.0,1357.1,307822.08,193.68,0.358333333
Peas & beans (Pulses),2008,Kharif     ,Himachal Pradesh,887.0,1116.0,1357.1,126876.48,79.83,1.17
Peas & beans (Pulses),2008,Rabi       ,Himachal Pradesh,8395.0,11461.0,1357.1,1200820.8,755.55,1.122727273
Potato,2008,Kharif     ,Himachal Pradesh,7954.0,78928.0,1357.1,1137740.16,715.86,11.051
Potato,2008,Rabi       ,Himachal Pradesh,3889.0,24702.0,1357.1,556282.56,350.01,4.299
Ragi,2008,Kharif     ,Himachal Pradesh,2273.0,2442.0,1357.1,325129.92,204.57,0.958571429
Rapeseed &Mustard,2008,Rabi       ,Himachal Pradesh,8883.0,2373.0,1357.1,1270624.32,799.47,0.32
Rice,2008,Kharif     ,Himachal Pradesh,77709.0,118277.0,1357.1,11115495.36,6993.81,1.6
Sannhamp,2008,Kharif     ,Himachal Pradesh,6.0,1.0,1357.1,858.24,0.54,0.1
Sesamum,2008,Kharif     ,Himachal Pradesh,3307.0,1160.0,1357.1,473033.28,297.63,0.335555556
Small millets,2008,Kharif     ,Himachal Pradesh,5890.0,4294.0,1357.1,842505.6,530.1,0.677142857
Soyabean,2008,Kharif     ,Himachal Pradesh,738.0,1235.0,1357.1,105563.52,66.42,1.577142857
Sugarcane,2008,Kharif     ,Himachal Pradesh,2338.0,53068.0,1357.1,334427.52,210.42,15.18142857
Turmeric,2008,Kharif     ,Himachal Pradesh,208.0,110.0,1357.1,29752.32,18.72,0.54875
Urad,2008,Kharif     ,Himachal Pradesh,10637.0,4576.0,1357.1,1521516.48,957.33,0.517272727
Wheat,2008,Rabi       ,Himachal Pradesh,359961.0,381180.0,1357.1,51488821.44,32396.49,1.080833333
Arhar/Tur,2008,Kharif     ,Madhya Pradesh,306161.0,243398.0,895.0,43793269.44,27554.49,0.712
Bajra,2008,Kharif     ,Madhya Pradesh,187954.0,260504.0,895.0,26884940.16,16915.86,1.122
Banana,2008,Whole Year ,Madhya Pradesh,7847.0,397231.0,895.0,1122434.88,706.23,33.19923077
Barley,2008,Rabi       ,Madhya Pradesh,77326.0,103771.0,895.0,11060711.04,6959.34,1.566410256
Castor seed,2008,Kharif     ,Madhya Pradesh,1420.0,504.0,895.0,203116.8,127.8,0.293125
Coriander,2008,Whole Year ,Madhya Pradesh,141394.0,59075.0,895.0,20224997.76,12725.46,0.348297872
Cotton(lint),2008,Kharif     ,Madhya Pradesh,612277.0,143451.0,895.0,87580102.08,55104.93,0.199047619
Garlic,2008,Whole Year ,Madhya Pradesh,49080.0,207441.0,895.0,7020403.2,4417.2,3.0538
Gram,2008,Rabi       ,Madhya Pradesh,2869006.0,2811626.0,895.0,410382618.2,258210.54,0.9016
Groundnut,2008,Kharif     ,Madhya Pradesh,202277.0,235046.0,895.0,28933702.08,18204.93,0.997291667
Horse-gram,2008,Kharif     ,Madhya Pradesh,23676.0,7406.0,895.0,3386615.04,2130.84,0.323846154
Horse-gram,2008,Rabi       ,Madhya Pradesh,193.0,54.0,895.0,27606.72,17.37,0.28
Jowar,2008,Kharif     ,Madhya Pradesh,482926.0,580960.0,895.0,69077735.04,43463.34,1.2454
Jowar,2008,Rabi       ,Madhya Pradesh,2641.0,3177.0,895.0,377768.64,237.69,1.74
Khesari,2008,Rabi       ,Madhya Pradesh,51566.0,38829.0,895.0,7376000.64,4640.94,0.672413793
Linseed,2008,Rabi       ,Madhya Pradesh,108748.0,45022.0,895.0,15555313.92,9787.32,0.622340426
Maize,2008,Kharif     ,Madhya Pradesh,826722.0,1131782.0,895.0,118254314.9,74404.98,1.2356
Masoor,2008,Rabi       ,Madhya Pradesh,529690.0,263930.0,895.0,75766857.6,47672.1,0.46787234
Niger seed,2008,Kharif     ,Madhya Pradesh,100298.0,23010.0,895.0,14346625.92,9026.82,0.239230769
Onion,2008,Whole Year ,Madhya Pradesh,40146.0,582438.0,895.0,5742483.84,3613.14,12.0858
Peas & beans (Pulses),2008,Rabi       ,Madhya Pradesh,202535.0,99172.0,895.0,28970606.4,18228.15,0.4734
Potato,2008,Whole Year ,Madhya Pradesh,56301.0,649826.0,895.0,8053295.04,5067.09,11.0325
Ragi,2008,Kharif     ,Madhya Pradesh,444.0,138.0,895.0,63509.76,39.96,0.224
Rapeseed &Mustard,2008,Rabi       ,Madhya Pradesh,756292.0,798644.0,895.0,108180007.7,68066.28,0.796458333
Rice,2008,Kharif     ,Madhya Pradesh,1706557.0,1571103.0,895.0,244105913.3,153590.13,0.911020408
Safflower,2008,Rabi       ,Madhya Pradesh,260.0,57.0,895.0,37190.4,23.4,0.227142857
Sannhamp,2008,Kharif     ,Madhya Pradesh,4427.0,1508.0,895.0,633238.08,398.43,0.370454545
Sesamum,2008,Whole Year ,Madhya Pradesh,243804.0,101422.0,895.0,34873724.16,21942.36,0.4182
Small millets,2008,Whole Year ,Madhya Pradesh,295734.0,83744.0,895.0,42301791.36,26616.06,0.287777778
Soyabean,2008,Kharif     ,Madhya Pradesh,5281337.0,5915097.0,895.0,755442444.5,475320.33,0.978163265
Sugarcane,2008,Whole Year ,Madhya Pradesh,53704.0,2381030.0,895.0,7681820.16,4833.36,31.97541667
Sunflower,2008,Kharif     ,Madhya Pradesh,395.0,174.0,895.0,56500.8,35.55,0.358461538
Sweet potato,2008,Whole Year ,Madhya Pradesh,3584.0,20770.0,895.0,512655.36,322.56,5.977446809
Tobacco,2008,Whole Year ,Madhya Pradesh,229.0,92.0,895.0,32756.16,20.61,0.52
Turmeric,2008,Whole Year ,Madhya Pradesh,657.0,582.0,895.0,93977.28,59.13,0.978965517
Urad,2008,Kharif     ,Madhya Pradesh,514530.0,194838.0,895.0,73598371.2,46307.7,0.3522
Urad,2008,Rabi       ,Madhya Pradesh,5998.0,2028.0,895.0,857953.92,539.82,0.226470588
Wheat,2008,Rabi       ,Madhya Pradesh,3997666.0,7272210.0,895.0,571826144.6,359789.94,1.764
Arhar/Tur,2008,Kharif     ,Maharashtra,1008500.0,605000.0,1052.8,144255840.0,90765.0,0.5575
Bajra,2008,Kharif     ,Maharashtra,865400.0,661900.0,1052.8,123786816.0,77886.0,0.642727273
Castor seed,2008,Kharif     ,Maharashtra,10800.0,2700.0,1052.8,1544832.0,972.0,0.254
Cotton(lint),2008,Kharif     ,Maharashtra,3146000.0,4752300.0,1052.8,450003840.0,283140.0,1.516296296
Gram,2008,Rabi       ,Maharashtra,1143300.0,773900.0,1052.8,163537632.0,102897.0,0.66483871
Groundnut,2008,Kharif     ,Maharashtra,253600.0,257500.0,1052.8,36274944.0,22824.0,0.7352
Groundnut,2008,Summer     ,Maharashtra,63600.0,94000.0,1052.8,9097344.0,5724.0,1.39483871
Jowar,2008,Kharif     ,Maharashtra,847300.0,984800.0,1052.8,121197792.0,76257.0,1.185384615
Jowar,2008,Rabi       ,Maharashtra,3223900.0,2367200.0,1052.8,461146656.0,290151.0,0.8396
Linseed,2008,Rabi       ,Maharashtra,38200.0,7900.0,1052.8,5464128.0,3438.0,0.263333333
Maize,2008,Kharif     ,Maharashtra,550100.0,1323000.0,1052.8,78686304.0,49509.0,1.992222222
Maize,2008,Rabi       ,Maharashtra,85900.0,206700.0,1052.8,12287136.0,7731.0,2.3832
Maize,2008,Summer     ,Maharashtra,9500.0,14500.0,1052.8,1358880.0,855.0,1.381
Moong(Green Gram),2008,Kharif     ,Maharashtra,426600.0,106000.0,1052.8,61020864.0,38394.0,0.391818182
Niger seed,2008,Kharif     ,Maharashtra,38000.0,10300.0,1052.8,5435520.0,3420.0,0.446666667
Other  Rabi pulses,2008,Rabi       ,Maharashtra,102100.0,40500.0,1052.8,14604384.0,9189.0,0.41
Other Kharif pulses,2008,Kharif     ,Maharashtra,88000.0,27900.0,1052.8,12587520.0,7920.0,0.323548387
Ragi,2008,Kharif     ,Maharashtra,125500.0,125000.0,1052.8,17951520.0,11295.0,0.921666667
Rapeseed &Mustard,2008,Rabi       ,Maharashtra,6200.0,2100.0,1052.8,886848.0,558.0,0.426190476
Rice,2008,Kharif     ,Maharashtra,1499500.0,2234300.0,1052.8,214488480.0,134955.0,1.170740741
Rice,2008,Summer     ,Maharashtra,22000.0,53200.0,1052.8,3146880.0,1980.0,2.421111111
Safflower,2008,Rabi       ,Maharashtra,185700.0,105200.0,1052.8,26562528.0,16713.0,0.5495
Sesamum,2008,Kharif     ,Maharashtra,54100.0,13600.0,1052.8,7738464.0,4869.0,0.47125
Sesamum,2008,Rabi       ,Maharashtra,1700.0,700.0,1052.8,243168.0,153.0,0.643333333
Small millets,2008,Kharif     ,Maharashtra,68300.0,34100.0,1052.8,9769632.0,6147.0,0.457586207
Small millets,2008,Rabi       ,Maharashtra,5100.0,2700.0,1052.8,729504.0,459.0,0.618
Soyabean,2008,Kharif     ,Maharashtra,3063200.0,1839900.0,1052.8,438160128.0,275688.0,0.890714286
Sugarcane,2008,Whole Year ,Maharashtra,768400.0,60648300.0,1052.8,109911936.0,69156.0,65.53407407
Sunflower,2008,Kharif     ,Maharashtra,110800.0,58000.0,1052.8,15848832.0,9972.0,0.565714286
Sunflower,2008,Rabi       ,Maharashtra,146900.0,91800.0,1052.8,21012576.0,13221.0,0.647083333
Sunflower,2008,Summer     ,Maharashtra,5800.0,5400.0,1052.8,829632.0,522.0,1.05
Urad,2008,Kharif     ,Maharashtra,323900.0,99900.0,1052.8,46330656.0,29151.0,0.461515152
Wheat,2008,Rabi       ,Maharashtra,1021800.0,1516400.0,1052.8,146158272.0,91962.0,1.431666667
Arhar/Tur,2008,Kharif     ,Manipur,525.0,587.0,1134.8,75096.0,47.25,1.135555556
Banana,2008,Whole Year ,Manipur,4991.0,64424.0,1134.8,713912.64,449.19,12.91
Cowpea(Lobia),2008,Kharif     ,Manipur,948.0,1019.0,1134.8,135601.92,85.32,1.128888889
Dry chillies,2008,Whole Year ,Manipur,7962.0,59169.0,1134.8,1138884.48,716.58,7.482222222
Ginger,2008,Kharif     ,Manipur,2098.0,24794.0,1134.8,300097.92,188.82,11.79555556
Gram,2008,Rabi       ,Manipur,548.0,457.0,1134.8,78385.92,49.32,0.845555556
Groundnut,2008,Kharif     ,Manipur,3217.0,2341.0,1134.8,460159.68,289.53,0.73
Maize,2008,Kharif     ,Manipur,17980.0,32250.0,1134.8,2571859.2,1618.2,1.724444444
Maize,2008,Rabi       ,Manipur,2250.0,3130.0,1134.8,321840.0,202.5,1.467777778
Masoor,2008,Rabi       ,Manipur,455.0,377.0,1134.8,65083.2,40.95,0.836666667
Moong(Green Gram),2008,Kharif     ,Manipur,431.0,474.0,1134.8,61650.24,38.79,1.133333333
Other  Rabi pulses,2008,Rabi       ,Manipur,4805.0,3910.0,1134.8,687307.2,432.45,0.83
Other Kharif pulses,2008,Kharif     ,Manipur,1309.0,1463.0,1134.8,187239.36,117.81,1.134444444
Peas & beans (Pulses),2008,Rabi       ,Manipur,15492.0,12869.0,1134.8,2215975.68,1394.28,0.842222222
Potato,2008,Whole Year ,Manipur,13000.0,108000.0,1134.8,1859520.0,1170.0,8.165555556
Rapeseed &Mustard,2008,Rabi       ,Manipur,26000.0,20000.0,1134.8,3719040.0,2340.0,0.78
Rice,2008,Kharif     ,Manipur,210990.0,518250.0,1134.8,30180009.6,18989.1,2.134444444
Soyabean,2008,Kharif     ,Manipur,4983.0,3809.0,1134.8,712768.32,448.47,0.743333333
Sugarcane,2008,Whole Year ,Manipur,5150.0,298000.0,1134.8,736656.0,463.5,59.26444444
Turmeric,2008,Whole Year ,Manipur,834.0,9884.0,1134.8,119295.36,75.06,11.77666667
Urad,2008,Kharif     ,Manipur,1487.0,1609.0,1134.8,212700.48,133.83,1.135555556
Wheat,2008,Rabi       ,Manipur,2050.0,5120.0,1134.8,293232.0,184.5,2.495
Arhar/Tur,2008,Kharif     ,Nagaland,3160.0,3030.0,1540.9,452006.4,284.4,0.951818182
Cardamom,2008,Kharif     ,Nagaland,800.0,150.0,1540.9,114432.0,72.0,0.35875
Cotton(lint),2008,Kharif     ,Nagaland,110.0,60.0,1540.9,15734.4,9.9,0.53
Dry chillies,2008,Kharif     ,Nagaland,2500.0,3130.0,1540.9,357600.0,225.0,1.258181818
Ginger,2008,Kharif     ,Nagaland,4400.0,41520.0,1540.9,629376.0,396.0,9.490909091
Gram,2008,Rabi       ,Nagaland,250.0,200.0,1540.9,35760.0,22.5,0.855
Groundnut,2008,Kharif     ,Nagaland,740.0,740.0,1540.9,105849.6,66.6,0.964
Jowar,2008,Kharif     ,Nagaland,140.0,130.0,1540.9,20025.6,12.6,0.874
Jute,2008,Kharif     ,Nagaland,2500.0,4520.0,1540.9,357600.0,225.0,1.916
Linseed,2008,Rabi       ,Nagaland,5670.0,4360.0,1540.9,811036.8,510.3,0.739090909
Maize,2008,Kharif     ,Nagaland,63200.0,113760.0,1540.9,9040128.0,5688.0,1.802727273
Maize,2008,Rabi       ,Nagaland,1200.0,2160.0,1540.9,171648.0,108.0,1.91
Masoor,2008,Rabi       ,Nagaland,1260.0,880.0,1540.9,180230.4,113.4,0.705
Moong(Green Gram),2008,Kharif     ,Nagaland,400.0,250.0,1540.9,57216.0,36.0,0.5625
Other  Rabi pulses,2008,Rabi       ,Nagaland,1120.0,710.0,1540.9,160204.8,100.8,0.623333333
Other Kharif pulses,2008,Kharif     ,Nagaland,1400.0,1260.0,1540.9,200256.0,126.0,0.878181818
Peas & beans (Pulses),2008,Kharif     ,Nagaland,2140.0,2990.0,1540.9,306105.6,192.6,1.39
Peas & beans (Pulses),2008,Rabi       ,Nagaland,6420.0,8860.0,1540.9,918316.8,577.8,1.356363636
Potato,2008,Kharif     ,Nagaland,2910.0,35790.0,1540.9,416246.4,261.9,12.38272727
Potato,2008,Rabi       ,Nagaland,2700.0,33350.0,1540.9,386208.0,243.0,12.29
Rapeseed &Mustard,2008,Rabi       ,Nagaland,26620.0,26620.0,1540.9,3807724.8,2395.8,0.995454545
Rice,2008,Kharif     ,Nagaland,173100.0,345090.0,1540.9,24760224.0,15579.0,1.964545455
Sesamum,2008,Kharif     ,Nagaland,4800.0,2880.0,1540.9,686592.0,432.0,0.575454545
Small millets,2008,Kharif     ,Nagaland,11920.0,11340.0,1540.9,1705036.8,1072.8,0.943333333
Soyabean,2008,Kharif     ,Nagaland,24470.0,36680.0,1540.9,3500188.8,2202.3,1.511818182
Sugarcane,2008,Kharif     ,Nagaland,4320.0,185760.0,1540.9,617932.8,388.8,43.01454545
Sunflower,2008,Kharif     ,Nagaland,300.0,240.0,1540.9,42912.0,27.0,0.797
Tapioca,2008,Kharif     ,Nagaland,1600.0,36880.0,1540.9,228864.0,144.0,23.06
Turmeric,2008,Kharif     ,Nagaland,800.0,3600.0,1540.9,114432.0,72.0,4.312727273
Urad,2008,Rabi       ,Nagaland,260.0,180.0,1540.9,37190.4,23.4,0.714
Wheat,2008,Rabi       ,Nagaland,1380.0,2070.0,1540.9,197395.2,124.2,1.502222222
Arhar/Tur,2008,Kharif     ,Punjab,5900.0,5700.0,691.3,843936.0,531.0,0.965
Bajra,2008,Kharif     ,Punjab,5000.0,5000.0,691.3,715200.0,450.0,1.0
Barley,2008,Rabi       ,Punjab,16000.0,55000.0,691.3,2288640.0,1440.0,3.4
Cotton(lint),2008,Kharif     ,Punjab,527000.0,2285000.0,691.3,75382080.0,47430.0,4.371818182
Gram,2008,Rabi       ,Punjab,2900.0,3400.0,691.3,414816.0,261.0,1.1375
Groundnut,2008,Kharif     ,Punjab,2700.0,2500.0,691.3,386208.0,243.0,0.876666667
Guar seed,2008,Kharif     ,Punjab,27900.0,22200.0,691.3,3990816.0,2511.0,0.985
Jowar,2008,Kharif     ,Punjab,100.0,100.0,691.3,14304.0,9.0,1.0
Linseed,2008,Rabi       ,Punjab,100.0,100.0,691.3,14304.0,9.0,1.0
Maize,2008,Kharif     ,Punjab,151000.0,514000.0,691.3,21599040.0,13590.0,3.419230769
Masoor,2008,Rabi       ,Punjab,1100.0,600.0,691.3,157344.0,99.0,0.693333333
Moong(Green Gram),2008,Kharif     ,Punjab,8900.0,7900.0,691.3,1273056.0,801.0,0.900769231
Peas & beans (Pulses),2008,Rabi       ,Punjab,2000.0,2300.0,691.3,286080.0,180.0,0.964285714
Rapeseed &Mustard,2008,Rabi       ,Punjab,27000.0,33000.0,691.3,3862080.0,2430.0,1.16125
Rice,2008,Kharif     ,Punjab,2735000.0,11000000.0,691.3,391214400.0,246150.0,3.9855
Sesamum,2008,Kharif     ,Punjab,8300.0,2800.0,691.3,1187232.0,747.0,0.2775
Urad,2008,Kharif     ,Punjab,2900.0,1400.0,691.3,414816.0,261.0,0.491428571
Wheat,2008,Rabi       ,Punjab,3466000.0,15733000.0,691.3,495776640.0,311940.0,4.5035
Arhar/Tur,2008,Kharif     ,Tripura,988.0,719.0,1827.8,141323.52,88.92,0.7325
Cotton(lint),2008,Kharif     ,Tripura,969.0,1424.0,1827.8,138605.76,87.21,1.435
Gram,2008,Rabi       ,Tripura,91.0,88.0,1827.8,13016.64,8.19,1.02
Groundnut,2008,Kharif     ,Tripura,291.0,312.0,1827.8,41624.64,26.19,1.1325
Groundnut,2008,Rabi       ,Tripura,195.0,228.0,1827.8,27892.8,17.55,1.1825
Jute,2008,Kharif     ,Tripura,450.0,3665.0,1827.8,64368.0,40.5,8.0625
Maize,2008,Kharif     ,Tripura,2093.0,2046.0,1827.8,299382.72,188.37,0.99
Masoor,2008,Rabi       ,Tripura,352.0,268.0,1827.8,50350.08,31.68,0.82
Mesta,2008,Kharif     ,Tripura,637.0,5026.0,1827.8,91116.48,57.33,7.905
Moong(Green Gram),2008,Kharif     ,Tripura,389.0,204.0,1827.8,55642.56,35.01,0.52
Moong(Green Gram),2008,Rabi       ,Tripura,218.0,135.0,1827.8,31182.72,19.62,0.635
Other  Rabi pulses,2008,Rabi       ,Tripura,933.0,843.0,1827.8,133456.32,83.97,0.86
Other Kharif pulses,2008,Kharif     ,Tripura,1174.0,743.0,1827.8,167928.96,105.66,0.65
Peas & beans (Pulses),2008,Rabi       ,Tripura,599.0,494.0,1827.8,85680.96,53.91,0.8675
Rapeseed &Mustard,2008,Rabi       ,Tripura,1588.0,1190.0,1827.8,227147.52,142.92,0.735
Rice,2008,Kharif     ,Tripura,242966.0,627175.0,1827.8,34753856.64,21866.94,2.525
Sesamum,2008,Kharif     ,Tripura,1392.0,780.0,1827.8,199111.68,125.28,0.5575
Sugarcane,2008,Whole Year ,Tripura,972.0,51695.0,1827.8,139034.88,87.48,54.9975
Urad,2008,Kharif     ,Tripura,716.0,462.0,1827.8,102416.64,64.44,0.645
Urad,2008,Rabi       ,Tripura,336.0,227.0,1827.8,48061.44,30.24,0.6425
Wheat,2008,Rabi       ,Tripura,635.0,1195.0,1827.8,90830.4,57.15,1.905
Arhar/Tur,2008,Kharif     ,Uttar Pradesh,314785.0,287720.0,891.6,45026846.4,28330.65,0.893913043
Bajra,2008,Kharif     ,Uttar Pradesh,809300.0,1302073.0,891.6,115762272.0,72837.0,1.471290323
Banana,2008,Summer     ,Uttar Pradesh,1991.0,75867.0,891.6,284792.64,179.19,38.08033333
Barley,2008,Rabi       ,Uttar Pradesh,171861.0,376048.0,891.6,24582997.44,15467.49,2.203285714
Coriander,2008,Rabi       ,Uttar Pradesh,5662.0,3380.0,891.6,809892.48,509.58,0.610793651
Cotton(lint),2008,Kharif     ,Uttar Pradesh,3556.0,781.0,891.6,508650.24,320.04,0.231111111
Dry chillies,2008,Kharif     ,Uttar Pradesh,14918.0,14873.0,891.6,2133870.72,1342.62,0.998970588
Garlic,2008,Rabi       ,Uttar Pradesh,33421.0,196850.0,891.6,4780539.84,3007.89,5.909104478
Gram,2008,Rabi       ,Uttar Pradesh,554434.0,561508.0,891.6,79306239.36,49899.06,1.073188406
Groundnut,2008,Kharif     ,Uttar Pradesh,94534.0,67482.0,891.6,13522143.36,8508.06,0.74627451
Guar seed,2008,Kharif     ,Uttar Pradesh,2460.0,2066.0,891.6,351878.4,221.4,0.8445
Jowar,2008,Kharif     ,Uttar Pradesh,192564.0,195473.0,891.6,27544354.56,17330.76,1.08362069
Linseed,2008,Rabi       ,Uttar Pradesh,30961.0,13932.0,891.6,4428661.44,2786.49,0.443333333
Maize,2008,Kharif     ,Uttar Pradesh,769793.0,1151245.0,891.6,110111190.7,69281.37,1.366764706
Maize,2008,Rabi       ,Uttar Pradesh,3617.0,9495.0,891.6,517375.68,325.53,2.646086957
Maize,2008,Summer     ,Uttar Pradesh,25472.0,38106.0,891.6,3643514.88,2292.48,1.505862069
Masoor,2008,Rabi       ,Uttar Pradesh,520736.0,459705.0,891.6,74486077.44,46866.24,0.861014493
Moong(Green Gram),2008,Kharif     ,Uttar Pradesh,30518.0,11286.0,891.6,4365294.72,2746.62,0.382
Moong(Green Gram),2008,Summer     ,Uttar Pradesh,33674.0,25174.0,891.6,4816728.96,3030.66,0.727460317
Onion,2008,Rabi       ,Uttar Pradesh,10161.0,119110.0,891.6,1453429.44,914.49,11.71728571
Peas & beans (Pulses),2008,Rabi       ,Uttar Pradesh,351030.0,423753.0,891.6,50211331.2,31592.7,1.223043478
Potato,2008,Rabi       ,Uttar Pradesh,527347.0,10809926.0,891.6,75431714.88,47461.23,18.97342857
Rapeseed &Mustard,2008,Rabi       ,Uttar Pradesh,656347.0,736849.0,891.6,93883874.88,59071.23,0.983857143
Rice,2008,Kharif     ,Uttar Pradesh,6011761.0,13051365.0,891.6,859922293.4,541058.49,2.124428571
Rice,2008,Summer     ,Uttar Pradesh,21621.0,45666.0,891.6,3092667.84,1945.89,2.095
Sannhamp,2008,Kharif     ,Uttar Pradesh,2889.0,925.0,891.6,413242.56,260.01,0.391875
Sesamum,2008,Kharif     ,Uttar Pradesh,192438.0,31736.0,891.6,27526331.52,17319.42,0.16016129
Small millets,2008,Kharif     ,Uttar Pradesh,13581.0,8384.0,891.6,1942626.24,1222.29,0.622142857
Soyabean,2008,Kharif     ,Uttar Pradesh,10599.0,9104.0,891.6,1516080.96,953.91,0.838181818
Sugarcane,2008,Kharif     ,Uttar Pradesh,2084179.0,109047670.0,891.6,298120964.2,187576.11,47.59257143
Sunflower,2008,Summer     ,Uttar Pradesh,9106.0,16995.0,891.6,1302522.24,819.54,1.915384615
Sweet potato,2008,Kharif     ,Uttar Pradesh,18376.0,225694.0,891.6,2628503.04,1653.84,12.27537313
Tobacco,2008,Rabi       ,Uttar Pradesh,22573.0,134309.0,891.6,3228841.92,2031.57,5.309230769
Tobacco,2008,Summer     ,Uttar Pradesh,546.0,1240.0,891.6,78099.84,49.14,2.23875
Urad,2008,Kharif     ,Uttar Pradesh,362921.0,195349.0,891.6,51912219.84,32662.89,0.550289855
Urad,2008,Summer     ,Uttar Pradesh,53715.0,33405.0,891.6,7683393.6,4834.35,0.661694915
Wheat,2008,Rabi       ,Uttar Pradesh,9513039.0,28554178.0,891.6,1360745099.0,856173.51,2.959857143
Arhar/Tur,2008,Kharif     ,Uttarakhand,2383.0,1710.0,1363.7,340864.32,214.47,0.72
Bajra,2008,Kharif     ,Uttarakhand,20.0,19.0,1363.7,2860.8,1.8,0.95
Barley,2008,Rabi       ,Uttarakhand,22596.0,19351.0,1363.7,3232131.84,2033.64,0.982307692
Garlic,2008,Whole Year ,Uttarakhand,2972.0,27121.0,1363.7,425114.88,267.48,5.802727273
Gram,2008,Rabi       ,Uttarakhand,683.0,326.0,1363.7,97696.32,61.47,0.31
Groundnut,2008,Kharif     ,Uttarakhand,1355.0,1795.0,1363.7,193819.2,121.95,1.043333333
Horse-gram,2008,Kharif     ,Uttarakhand,9531.0,7419.0,1363.7,1363314.24,857.79,0.749090909
Maize,2008,Kharif     ,Uttarakhand,26780.0,36287.0,1363.7,3830611.2,2410.2,1.197692308
Maize,2008,Summer     ,Uttarakhand,92.0,150.0,1363.7,13159.68,8.28,1.53
Masoor,2008,Rabi       ,Uttarakhand,10987.0,3992.0,1363.7,1571580.48,988.83,0.385384615
Moong(Green Gram),2008,Kharif     ,Uttarakhand,56.0,25.0,1363.7,8010.24,5.04,0.403333333
Moth,2008,Kharif     ,Uttarakhand,343.0,120.0,1363.7,49062.72,30.87,0.35
Onion,2008,Whole Year ,Uttarakhand,1869.0,7920.0,1363.7,267341.76,168.21,5.134615385
Other  Rabi pulses,2008,Rabi       ,Uttarakhand,201.0,90.0,1363.7,28751.04,18.09,0.3625
Other Cereals,2008,Kharif     ,Uttarakhand,70562.0,83401.0,1363.7,10093188.48,6350.58,1.101818182
Other Cereals,2008,Rabi       ,Uttarakhand,998.0,789.0,1363.7,142753.92,89.82,0.822
Other Kharif pulses,2008,Kharif     ,Uttarakhand,11120.0,8532.0,1363.7,1590604.8,1000.8,1.674615385
Peas & beans (Pulses),2008,Rabi       ,Uttarakhand,3516.0,1504.0,1363.7,502928.64,316.44,0.373076923
Potato,2008,Kharif     ,Uttarakhand,7723.0,72666.0,1363.7,1104697.92,695.07,10.52181818
Potato,2008,Rabi       ,Uttarakhand,6266.0,67396.0,1363.7,896288.64,563.94,9.419230769
Ragi,2008,Kharif     ,Uttarakhand,120707.0,173627.0,1363.7,17265929.28,10863.63,1.525454545
Rapeseed &Mustard,2008,Rabi       ,Uttarakhand,12051.0,7906.0,1363.7,1723775.04,1084.59,0.44
Rice,2008,Kharif     ,Uttarakhand,275711.0,528524.0,1363.7,39437701.44,24813.99,1.627692308
Rice,2008,Summer     ,Uttarakhand,12654.0,39797.0,1363.7,1810028.16,1138.86,3.1
Sesamum,2008,Kharif     ,Uttarakhand,2228.0,478.0,1363.7,318693.12,200.52,0.2125
Soyabean,2008,Kharif     ,Uttarakhand,8328.0,10133.0,1363.7,1191237.12,749.52,1.042307692
Sugarcane,2008,Whole Year ,Uttarakhand,107907.0,5683369.0,1363.7,15435017.28,9711.63,54.82
Sunflower,2008,Kharif     ,Uttarakhand,37.0,35.0,1363.7,5292.48,3.33,0.95
Tobacco,2008,Whole Year ,Uttarakhand,11.0,39.0,1363.7,1573.44,0.99,3.4
Turmeric,2008,Whole Year ,Uttarakhand,215.0,433.0,1363.7,30753.6,19.35,2.056666667
Urad,2008,Kharif     ,Uttarakhand,12152.0,8916.0,1363.7,1738222.08,1093.68,0.662307692
Urad,2008,Summer     ,Uttarakhand,203.0,129.0,1363.7,29037.12,18.27,0.76
Wheat,2008,Rabi       ,Uttarakhand,379081.0,770934.0,1363.7,54223746.24,34117.29,1.491538462
other oilseeds,2008,Kharif     ,Uttarakhand,420.0,215.0,1363.7,60076.8,37.8,0.625
other oilseeds,2008,Rabi       ,Uttarakhand,853.0,634.0,1363.7,122013.12,76.77,0.7
Arhar/Tur,2008,Rabi       ,Jammu and Kashmir,22.0,12.0,1390.1,3146.88,1.98,0.55
Barley,2008,Rabi       ,Jammu and Kashmir,9747.0,4724.0,1390.1,1394210.88,877.23,0.585
Garlic,2008,Rabi       ,Jammu and Kashmir,604.0,516.0,1390.1,86396.16,54.36,0.825555556
Gram,2008,Rabi       ,Jammu and Kashmir,284.0,155.0,1390.1,40623.36,25.56,0.545
Linseed,2008,Rabi       ,Jammu and Kashmir,126.0,97.0,1390.1,18023.04,11.34,0.782
Masoor,2008,Rabi       ,Jammu and Kashmir,81.0,38.0,1390.1,11586.24,7.29,0.496666667
Onion,2008,Rabi       ,Jammu and Kashmir,383.0,932.0,1390.1,54784.32,34.47,2.4475
Other  Rabi pulses,2008,Rabi       ,Jammu and Kashmir,351.0,147.0,1390.1,50207.04,31.59,0.456666667
Peas & beans (Pulses),2008,Rabi       ,Jammu and Kashmir,1109.0,1116.0,1390.1,158631.36,99.81,0.893846154
Potato,2008,Rabi       ,Jammu and Kashmir,934.0,9338.0,1390.1,133599.36,84.06,16.446
Rapeseed &Mustard,2008,Rabi       ,Jammu and Kashmir,56623.0,50525.0,1390.1,8099353.92,5096.07,1.023684211
Urad,2008,Rabi       ,Jammu and Kashmir,11.0,5.0,1390.1,1573.44,0.99,0.44
Wheat,2008,Rabi       ,Jammu and Kashmir,274022.0,492140.0,1390.1,39196106.88,24661.98,1.435714286
other oilseeds,2008,Rabi       ,Jammu and Kashmir,18.0,10.0,1390.1,2574.72,1.62,0.545
Arhar/Tur,2008,Rabi       ,Jharkhand,16995.84,24337.0,1295.2,2431084.954,1529.6256,1.465
Arhar/Tur,2008,Winter     ,Jharkhand,899.14,1439.0,1295.2,128612.9856,80.9226,1.132
Gram,2008,Rabi       ,Jharkhand,17036.59,12398.0,1295.2,2436913.834,1533.2931,0.793913043
Maize,2008,Autumn     ,Jharkhand,72914.37,77225.0,1295.2,10429671.48,6562.2933,1.074166667
Onion,2008,Rabi       ,Jharkhand,3049.28,15459.0,1295.2,436169.0112,274.4352,4.964347826
Potato,2008,Rabi       ,Jharkhand,16032.93,107587.0,1295.2,2293350.307,1442.9637,5.73375
Potato,2008,Winter     ,Jharkhand,21288.72,138075.0,1295.2,3045138.509,1915.9848,6.666190476
Ragi,2008,Autumn     ,Jharkhand,29768.73,27189.0,1295.2,4258119.139,2679.1857,0.812857143
Rapeseed &Mustard,2008,Rabi       ,Jharkhand,10308.78,6530.0,1295.2,1474567.891,927.7902,0.76625
Rice,2008,Autumn     ,Jharkhand,188422.33,162674.0,1295.2,26951930.08,16958.0097,0.868695652
Rice,2008,Winter     ,Jharkhand,1008437.16,1333906.0,1295.2,144246851.4,90759.3444,1.39125
Sugarcane,2008,Whole Year ,Jharkhand,729.31,18446.0,1295.2,104320.5024,65.6379,27.25142857
Wheat,2008,Rabi       ,Jharkhand,58602.34,79871.0,1295.2,8382478.714,5274.2106,1.43625
Bajra,2008,Kharif     ,Delhi,1549.0,2943.0,614.6,221568.96,139.41,1.9
Barley,2008,Kharif     ,Delhi,72.0,202.0,614.6,10298.88,6.48,2.81
Gram,2008,Rabi       ,Delhi,48.0,70.0,614.6,6865.92,4.32,1.46
Jowar,2008,Kharif     ,Delhi,8238.0,7950.0,614.6,1178363.52,741.42,0.97
Maize,2008,Kharif     ,Delhi,54.0,99.0,614.6,7724.16,4.86,1.83
Potato,2008,Whole Year ,Delhi,79.0,1325.0,614.6,11300.16,7.11,16.77
Rice,2008,Kharif     ,Delhi,7039.0,19873.0,614.6,1006858.56,633.51,2.82
Sugarcane,2008,Whole Year ,Delhi,3.0,226.0,614.6,429.12,0.27,75.33
Wheat,2008,Rabi       ,Delhi,18430.0,80355.0,614.6,2636227.2,1658.7,4.36
Barley,2008,Rabi       ,Sikkim,500.0,470.0,2247.5,71520.0,45.0,0.935
Maize,2008,Kharif     ,Sikkim,39200.0,65740.0,2247.5,5607168.0,3528.0,1.8
Other Cereals,2008,Rabi       ,Sikkim,5540.0,5350.0,2247.5,792441.6,498.6,0.9575
Other Kharif pulses,2008,Kharif     ,Sikkim,2680.0,2970.0,2247.5,383347.2,241.2,1.04
Rapeseed &Mustard,2008,Rabi       ,Sikkim,5300.0,4450.0,2247.5,758112.0,477.0,0.85
Rice,2008,Kharif     ,Sikkim,13000.0,22230.0,2247.5,1859520.0,1170.0,1.5925
Small millets,2008,Kharif     ,Sikkim,3760.0,3530.0,2247.5,537830.4,338.4,0.9425
Soyabean,2008,Kharif     ,Sikkim,3600.0,3160.0,2247.5,514944.0,324.0,0.87
Urad,2008,Kharif     ,Sikkim,3220.0,2826.0,2247.5,460588.8,289.8,0.85
Wheat,2008,Rabi       ,Sikkim,3900.0,3500.0,2247.5,557856.0,351.0,0.8825
Cotton(lint),2008,Kharif     ,Mizoram,207.0,102.0,1912.1,29609.28,18.63,0.468333333
Maize,2008,Kharif     ,Mizoram,9173.0,8906.0,1912.1,1312105.92,825.57,0.9125
Maize,2008,Rabi       ,Mizoram,385.0,412.0,1912.1,55070.4,34.65,1.884
Other  Rabi pulses,2008,Rabi       ,Mizoram,1370.0,1848.0,1912.1,195964.8,123.3,1.504285714
Other Kharif pulses,2008,Kharif     ,Mizoram,2561.0,1798.0,1912.1,366325.44,230.49,0.8175
Potato,2008,Kharif     ,Mizoram,269.0,1569.0,1912.1,38477.76,24.21,5.286666667
Rice,2008,Kharif     ,Mizoram,51859.0,68637.0,1912.1,7417911.36,4667.31,1.20625
Rice,2008,Rabi       ,Mizoram,131.0,280.0,1912.1,18738.24,11.79,2.555
Sugarcane,2008,Whole Year ,Mizoram,1342.0,13696.0,1912.1,191959.68,120.78,11.12875
Tapioca,2008,Kharif     ,Mizoram,65.0,286.0,1912.1,9297.6,5.85,2.646666667
Tobacco,2008,Whole Year ,Mizoram,484.0,276.0,1912.1,69231.36,43.56,0.49
other oilseeds,2008,Kharif     ,Mizoram,2747.0,2184.0,1912.1,392930.88,247.23,0.8175
other oilseeds,2008,Rabi       ,Mizoram,528.0,330.0,1912.1,75525.12,47.52,0.53
Dry chillies,2008,Whole Year ,Arunachal Pradesh,2320.0,3960.0,2244.4,331852.8,208.8,1.874285714
Ginger,2008,Whole Year ,Arunachal Pradesh,6356.0,47190.0,2244.4,909162.24,572.04,6.07
Maize,2008,Kharif     ,Arunachal Pradesh,42897.0,58830.0,2244.4,6135986.88,3860.73,1.459375
Oilseeds total,2008,Whole Year ,Arunachal Pradesh,31785.0,31016.0,2244.4,4546526.4,2860.65,0.995
Potato,2008,Whole Year ,Arunachal Pradesh,4063.0,33405.0,2244.4,581171.52,365.67,7.076875
Rice,2008,Kharif     ,Arunachal Pradesh,126799.0,164538.0,2244.4,18137328.96,11411.91,1.183125
Small millets,2008,Kharif     ,Arunachal Pradesh,22262.0,18922.0,2244.4,3184356.48,2003.58,0.865
Sugarcane,2008,Whole Year ,Arunachal Pradesh,1370.0,23439.0,2244.4,195964.8,123.3,15.32727273
Turmeric,2008,Whole Year ,Arunachal Pradesh,612.0,2375.0,2244.4,87540.48,55.08,3.945454545
Wheat,2008,Rabi       ,Arunachal Pradesh,3278.0,5169.0,2244.4,468885.12,295.02,1.57
Groundnut,2008,Autumn     ,Odisha,32265.0,31406.0,1539.0,4615185.6,2903.85,0.79
Groundnut,2008,Summer     ,Odisha,49116.0,62791.0,1539.0,7025552.64,4420.44,1.197586207
Groundnut,2008,Winter     ,Odisha,2065.0,2289.0,1539.0,295377.6,185.85,1.129545455
Horse-gram,2008,Summer     ,Odisha,94.0,25.0,1539.0,13445.76,8.46,0.242
Horse-gram,2008,Winter     ,Odisha,58696.0,16093.0,1539.0,8395875.84,5282.64,0.304666667
Jute,2008,Autumn     ,Odisha,2429.0,19892.0,1539.0,347444.16,218.61,7.437142857
Maize,2008,Autumn     ,Odisha,64461.0,128056.0,1539.0,9220501.44,5801.49,1.1028
Maize,2008,Summer     ,Odisha,2249.0,5960.0,1539.0,321696.96,202.41,1.528888889
Maize,2008,Winter     ,Odisha,307.0,676.0,1539.0,43913.28,27.63,1.625333333
Moong(Green Gram),2008,Autumn     ,Odisha,22676.0,5300.0,1539.0,3243575.04,2040.84,0.184285714
Moong(Green Gram),2008,Summer     ,Odisha,125260.0,36512.0,1539.0,17917190.4,11273.4,0.2825
Moong(Green Gram),2008,Winter     ,Odisha,85557.0,18854.0,1539.0,12238073.28,7700.13,0.265357143
Potato,2008,Winter     ,Odisha,7315.0,75577.0,1539.0,1046337.6,658.35,9.706896552
Ragi,2008,Autumn     ,Odisha,26091.0,17371.0,1539.0,3732056.64,2348.19,0.573
Ragi,2008,Summer     ,Odisha,289.0,230.0,1539.0,41338.56,26.01,0.7
Ragi,2008,Winter     ,Odisha,39333.0,23440.0,1539.0,5626192.32,3539.97,0.563333333
Rapeseed &Mustard,2008,Winter     ,Odisha,13736.0,2527.0,1539.0,1964797.44,1236.24,0.166206897
Rice,2008,Autumn     ,Odisha,707000.0,735000.0,1539.0,101129280.0,63630.0,1.062142857
Rice,2008,Summer     ,Odisha,331000.0,811000.0,1539.0,47346240.0,29790.0,2.051538462
Rice,2008,Winter     ,Odisha,3417000.0,5266000.0,1539.0,488767680.0,307530.0,1.545333333
Sesamum,2008,Autumn     ,Odisha,3550.0,485.0,1539.0,507792.0,319.5,0.156875
Sesamum,2008,Summer     ,Odisha,5755.0,1455.0,1539.0,823195.2,517.95,0.278695652
Sesamum,2008,Winter     ,Odisha,28319.0,5310.0,1539.0,4050749.76,2548.71,0.19625
Sugarcane,2008,Winter     ,Odisha,10763.0,646243.0,1539.0,1539539.52,968.67,53.25
Urad,2008,Autumn     ,Odisha,28830.0,6823.0,1539.0,4123843.2,2594.7,0.24125
Urad,2008,Summer     ,Odisha,9669.0,3745.0,1539.0,1383053.76,870.21,0.31
Urad,2008,Winter     ,Odisha,90687.0,26672.0,1539.0,12971868.48,8161.83,0.266551724
Wheat,2008,Summer     ,Odisha,5267.0,7386.0,1539.0,753391.68,474.03,1.3836
Groundnut,2008,Kharif     ,Goa,642.0,896.0,3271.6,91831.68,57.78,0.7
Groundnut,2008,Rabi       ,Goa,3163.0,7308.0,3271.6,452435.52,284.67,2.08
Other  Rabi pulses,2008,Rabi       ,Goa,9467.0,9853.0,3271.6,1354159.68,852.03,1.22
Other Kharif pulses,2008,Kharif     ,Goa,388.0,176.0,3271.6,55499.52,34.92,0.41
Ragi,2008,Kharif     ,Goa,158.0,191.0,3271.6,22600.32,14.22,1.15
Rice,2008,Kharif     ,Goa,33638.0,78705.0,3271.6,4811579.52,3027.42,2.325
Rice,2008,Rabi       ,Goa,15688.0,43162.0,3271.6,2244011.52,1411.92,2.755
Sugarcane,2008,Whole Year ,Goa,1021.0,49253.0,3271.6,146043.84,91.89,49.52
